;10101101;10101101;10101102;10101102;10101103;10101103;10101104;10101104;10101105;10101105;10101106;10101107;10101201;10101201;10101202;10101202;10101203;10101203;10101204;10101204;10101205;10101206;10101207;10102101;10102102;10102103;10102104;10102105;10102106;10102107;10102201;10102202;10102203;10102204;10102205;10102206;10102207;10201101;10201101;10201101;10201101;10201101;10201101;10201102;10201102;10201102;10201102;10201102;10201102;10201103;10201103;10201103;10201103;10201103;10201103;10201104;10201104;10201104;10201104;10201104;10201104;10201105;10201105;10201105;10201105;10201105;10201105;10201106;10201106;10201106;10201106;10201106;10201106;10201201;10201201;10201201;10201201;10201201;10201201;10201202;10201202;10201202;10201202;10201202;10201202;10201203;10201203;10201203;10201203;10201203;10201203;10201204;10201204;10201204;10201204;10201204;10201204;10201205;10201205;10201205;10201205;10201205;10201205;50102002;50103003;50103003;50104004;10302002;10303003;40101001;10401001;10401001;10401002;10401003;10402101;10402101;10402102;10402102;10402103;10402103;10402104;10402104;10402105;10402105;10402107;10402108;10402108;10402201;10402201;10402202;10402202;10402203;10402203;10402204;10402204;10402207;10402301;10402302;10402303;10402304;10402305;10402307;10403101;10403102;10403103;10403104;10403105;10403107;10403108;10403201;10403202;10403203;10403204;10403207;10403301;10403302;10403303;10403304;10403305;10403307;10501001;10501002;;;;;;;;
New Zealand;;;;;;;;;;;;;;;;;;;;;;;;;;;;;;;;;;;;;;;;;;;;;;;;;;;;;;;;;;;;;;;;;;;;;;;;;;;;;;;;;;;;;;;;;;;;;;;;;;;;;;;;;;;;;;;;;;;;;;;;;;;;;;;;;;;;;;;;;;;;;;;;;;;;;;;;;;;;;;;;;;;;;;;;;;
Sources:;"Income: Atkinson, Anthony B. and Leigh, Andrew (2007). The Distribution of Top Incomes in New Zealand; in Atkinson, A. B. and Piketty, T. (editors) Top Incomes over the Twentieth Century. A Contrast Between Continental European and English-Speaking Countries, Oxford University Press, chapter 8. Atkinson, Anthony B. and Leigh, Andrew (2008). Top Incomes in New Zealand 1921-2005: Understanding the Effects of Marginal Tax Rates, Migration Threat and the Macroeconomy. Review of Income and Wealth, 54(2): 149-165. Atkinson, Anthony B. (2012). Update and Extension of New Zealand Estimates of Top Shares, WID.world Technical Note 2012/1. Alvaredo, Facundo and Atkinson, Anthony B. (2013).  New Zealand: Estimates of Top Shares for 2010/2011, and Revision for 1999/2000-2009/2010, WID.world Technical Note 2013/2. Alvaredo, Facundo and Atkinson, Anthony B. (2014).  New Zealand: Estimates of Top Shares for 2011/2012, and Revision for 2010/2011, WID.world Technical Note 2014/3. Alvaredo, Facundo (2017). New Zealand: Estimates of top shares of fiscal income for 2014, and revision for 2013 and 2012, WID.world Technical Note 2017/1. Series updated by Facundo Alvaredo.";;;;;;;;;;;;;;;;;;;;;;;;;;;;;;;;;;;;;;;;;;;;;;;;;;;;;;;;;;;;;;;;;;;;;;;;;;;;;;;;;;;;;;;;;;;;;;;;;;;;;;;;;;;;;;;;;;;;;;;;;;;;;;;;;;;;;;;;;;;;;;;;;;;;;;;;;;;;;;;;;;;;;;;;;
Notes:;"Until 1940, estimates relate to assessable income; from 1940 estimates relate to total income. The series are presented in two distinct columns, following the change in the definition of the tax unit between 1952 and 1953. Up to 1952 estimates relate to adults minus married women; from 1953 until 1999 estimates relate to adults; from 2000 estimates relate to individual taxpayers; see notes to the Tax units series.";"Until 1940, estimates relate to assessable income; from 1940 estimates relate to total income. Up to 1952 estimates relate to adults minus married women; from 1953 until 1999 estimates relate to adults; from 2000 estimates realate to taxpayers; see notes to the Tax units series.";"Until 1940, estimates relate to assessable income; from 1940 estimates relate to total income. The series are presented in two distinct columns, following the change in the definition of the tax unit between 1952 and 1953. Up to 1952 estimates relate to adults minus married women; from 1953 until 1999 estimates relate to adults; from 2000 estimates relate to individual taxpayers; see notes to the Tax units series.";"Until 1940, estimates relate to assessable income; from 1940 estimates relate to total income. Up to 1952 estimates relate to adults minus married women; from 1953 until 1999 estimates relate to adults; from 2000 estimates realate to taxpayers; see notes to the Tax units series.";"Until 1940, estimates relate to assessable income; from 1940 estimates relate to total income. The series are presented in two distinct columns, following the change in the definition of the tax unit between 1952 and 1953. Up to 1952 estimates relate to adults minus married women; from 1953 until 1999 estimates relate to adults; from 2000 estimates relate to individual taxpayers; see notes to the Tax units series.";"Until 1940, estimates relate to assessable income; from 1940 estimates relate to total income. Up to 1952 estimates relate to adults minus married women; from 1953 until 1999 estimates relate to adults; from 2000 estimates realate to taxpayers; see notes to the Tax units series.";"Until 1940, estimates relate to assessable income; from 1940 estimates relate to total income. The series are presented in two distinct columns, following the change in the definition of the tax unit between 1952 and 1953. Up to 1952 estimates relate to adults minus married women; from 1953 until 1999 estimates relate to adults; from 2000 estimates relate to individual taxpayers; see notes to the Tax units series.";"Until 1940, estimates relate to assessable income; from 1940 estimates relate to total income. Up to 1952 estimates relate to adults minus married women; from 1953 until 1999 estimates relate to adults; from 2000 estimates realate to taxpayers; see notes to the Tax units series.";"Until 1940, estimates relate to assessable income; from 1940 estimates relate to total income. The series are presented in two distinct columns, following the change in the definition of the tax unit between 1952 and 1953. Up to 1952 estimates relate to adults minus married women; from 1953 until 1999 estimates relate to adults; from 2000 estimates relate to individual taxpayers; see notes to the Tax units series.";"Until 1940, estimates relate to assessable income; from 1940 estimates relate to total income. Up to 1952 estimates relate to adults minus married women; from 1953 until 1999 estimates relate to adults; from 2000 estimates realate to taxpayers; see notes to the Tax units series.";"Until 1940, estimates relate to assessable income; from 1940 estimates relate to total income. The series are presented in two distinct columns, following the change in the definition of the tax unit between 1952 and 1953. Up to 1952 estimates relate to adults minus married women; from 1953 until 1999 estimates relate to adults; from 2000 estimates relate to individual taxpayers; see notes to the Tax units series.";"Until 1940, estimates relate to assessable income; from 1940 estimates relate to total income. The series are presented in two distinct columns, following the change in the definition of the tax unit between 1952 and 1953. Up to 1952 estimates relate to adults minus married women; from 1953 until 1999 estimates relate to adults; from 2000 estimates relate to individual taxpayers; see notes to the Tax units series.";"Until 1940, estimates relate to assessable income; from 1940 estimates relate to total income. The series are presented in two distinct columns, following the change in the definition of the tax unit between 1952 and 1953. Up to 1952 estimates relate to adults minus married women; from 1953 until 1999 estimates relate to adults; from 2000 estimates relate to individual taxpayers; see notes to the Tax units series.";"Until 1940, estimates relate to assessable income; from 1940 estimates relate to total income. The series are presented in two distinct columns, following the change in the definition of the tax unit between 1952 and 1953. Up to 1952 estimates relate to adults minus married women; from 1953 until 1999 estimates relate to adults; from 2000 estimates relate to individual taxpayers; see notes to the Tax units series.";"Until 1940, estimates relate to assessable income; from 1940 estimates relate to total income. The series are presented in two distinct columns, following the change in the definition of the tax unit between 1952 and 1953. Up to 1952 estimates relate to adults minus married women; from 1953 until 1999 estimates relate to adults; from 2000 estimates relate to individual taxpayers; see notes to the Tax units series.";"Until 1940, estimates relate to assessable income; from 1940 estimates relate to total income. The series are presented in two distinct columns, following the change in the definition of the tax unit between 1952 and 1953. Up to 1952 estimates relate to adults minus married women; from 1953 until 1999 estimates relate to adults; from 2000 estimates relate to individual taxpayers; see notes to the Tax units series.";"Until 1940, estimates relate to assessable income; from 1940 estimates relate to total income. The series are presented in two distinct columns, following the change in the definition of the tax unit between 1952 and 1953. Up to 1952 estimates relate to adults minus married women; from 1953 until 1999 estimates relate to adults; from 2000 estimates relate to individual taxpayers; see notes to the Tax units series.";"Until 1940, estimates relate to assessable income; from 1940 estimates relate to total income. The series are presented in two distinct columns, following the change in the definition of the tax unit between 1952 and 1953. Up to 1952 estimates relate to adults minus married women; from 1953 until 1999 estimates relate to adults; from 2000 estimates relate to individual taxpayers; see notes to the Tax units series.";"Until 1940, estimates relate to assessable income; from 1940 estimates relate to total income. The series are presented in two distinct columns, following the change in the definition of the tax unit between 1952 and 1953. Up to 1952 estimates relate to adults minus married women; from 1953 until 1999 estimates relate to adults; from 2000 estimates relate to individual taxpayers; see notes to the Tax units series.";"Until 1940, estimates relate to assessable income; from 1940 estimates relate to total income. The series are presented in two distinct columns, following the change in the definition of the tax unit between 1952 and 1953. Up to 1952 estimates relate to adults minus married women; from 1953 until 1999 estimates relate to adults; from 2000 estimates relate to individual taxpayers; see notes to the Tax units series.";"Until 1940, estimates relate to assessable income; from 1940 estimates relate to total income. The series are presented in two distinct columns, following the change in the definition of the tax unit between 1952 and 1953. Up to 1952 estimates relate to adults minus married women; from 1953 until 1999 estimates relate to adults; from 2000 estimates relate to individual taxpayers; see notes to the Tax units series.";"Until 1940, estimates relate to assessable income; from 1940 estimates relate to total income. The series are presented in two distinct columns, following the change in the definition of the tax unit between 1952 and 1953. Up to 1952 estimates relate to adults minus married women; from 1953 until 1999 estimates relate to adults; from 2000 estimates relate to individual taxpayers; see notes to the Tax units series.";"Until 1940, estimates relate to assessable income; from 1940 estimates relate to total income. The series are presented in two distinct columns, following the change in the definition of the tax unit between 1952 and 1953. Up to 1952 estimates relate to adults minus married women; from 1953 until 1999 estimates relate to adults; from 2000 estimates relate to individual taxpayers; see notes to the Tax units series.";"Until 1940, estimates relate to assessable income; from 1940 estimates relate to total income. Up to 1952 estimates relate to adults minus married women; from 1953 estimates relate to adults; see notes to the Tax Units series.";"Until 1940, estimates relate to assessable income; from 1940 estimates relate to total income. Up to 1952 estimates relate to adults minus married women; from 1953 estimates relate to adults; see notes to the Tax Units series.";"Until 1940, estimates relate to assessable income; from 1940 estimates relate to total income. Up to 1952 estimates relate to adults minus married women; from 1953 estimates relate to adults; see notes to the Tax Units series.";"Until 1940, estimates relate to assessable income; from 1940 estimates relate to total income. Up to 1952 estimates relate to adults minus married women; from 1953 estimates relate to adults; see notes to the Tax Units series.";"Until 1940, estimates relate to assessable income; from 1940 estimates relate to total income. Up to 1952 estimates relate to adults minus married women; from 1953 estimates relate to adults; see notes to the Tax Units series.";"Until 1940, estimates relate to assessable income; from 1940 estimates relate to total income. Up to 1952 estimates relate to adults minus married women; from 1953 estimates relate to adults; see notes to the Tax Units series.";"Until 1940, estimates relate to assessable income; from 1940 estimates relate to total income. Up to 1952 estimates relate to adults minus married women; from 1953 estimates relate to adults; see notes to the Tax Units series.";"Until 1940, estimates relate to assessable income; from 1940 estimates relate to total income. Up to 1952 estimates relate to adults minus married women; from 1953 estimates relate to adults; see notes to the Tax Units series.";"Until 1940, estimates relate to assessable income; from 1940 estimates relate to total income. Up to 1952 estimates relate to adults minus married women; from 1953 estimates relate to adults; see notes to the Tax Units series.";"Until 1940, estimates relate to assessable income; from 1940 estimates relate to total income. Up to 1952 estimates relate to adults minus married women; from 1953 estimates relate to adults; see notes to the Tax Units series.";"Until 1940, estimates relate to assessable income; from 1940 estimates relate to total income. Up to 1952 estimates relate to adults minus married women; from 1953 estimates relate to adults; see notes to the Tax Units series.";"Until 1940, estimates relate to assessable income; from 1940 estimates relate to total income. Up to 1952 estimates relate to adults minus married women; from 1953 estimates relate to adults; see notes to the Tax Units series.";"Until 1940, estimates relate to assessable income; from 1940 estimates relate to total income. Up to 1952 estimates relate to adults minus married women; from 1953 estimates relate to adults; see notes to the Tax Units series.";"Until 1940, estimates relate to assessable income; from 1940 estimates relate to total income. Up to 1952 estimates relate to adults minus married women; from 1953 estimates relate to adults; see notes to the Tax Units series.";;;;;;;;;;;;;;;;;;;;;;;;;;;;;;;;;;;;;;;;;;;;;;;;;;;;;;;;;;;;;;;;;;;"Individuals aged 15+ until 1999; total individual taxpayers from 2000.";"The series are presented in two distinct columns, following the change in the definition of the tax unit between 1952 and 1953. Individuals aged 15+ minus married women until 1952; individuals aged 15+ from 1953 to 1999; total individual taxpayers from 2000.";"The series are presented in two distinct columns, following the change in the definition of the tax unit between 1952 and 1953. Individuals aged 15+ minus married women until 1952; individuals aged 15+ from 1953 to 1999; total individual taxpayers from 2000.";;The series includes transfers.;;From www.globalfinancialdata.com. Index for Year t is index for Dec. 31 of year t, as fiscal year goes from April 1st year t to March 31 year t+1.;"The series includes transfers. The series are presented in two distinct columns, following the change in the definition of the tax unit between 1952 and 1953. Tax units are: individuals aged 15+ minus married women until 1952; individuals aged 15+ from 1953 to 1999; individual taxpayers from 2000.";"The series includes transfers. The series are presented in two distinct columns, following the change in the definition of the tax unit between 1952 and 1953. Tax units are: individuals aged 15+ minus married women until 1952; individuals aged 15+ from 1953 to 1999; individual taxpayers from 2000.";;Adults are individuals aged 15+ until 1999, and total individual taxpayers from 2000.;"The series are presented in two distinct columns, following the change in the definition of the tax unit between 1952 and 1953. Tax units are: individuals aged 15+ minus married women until 1952; individuals aged 15+ from 1953 to 1999; individual taxpayers from 2000. See notes to the Tax units series.";"The series are presented in two distinct columns, following the change in the definition of the tax unit between 1952 and 1953. Tax units are: individuals aged 15+ minus married women until 1952; individuals aged 15+ from 1953 to 1999; individual taxpayers from 2000. See notes to the Tax units series.";"The series are presented in two distinct columns, following the change in the definition of the tax unit between 1952 and 1953. Tax units are: individuals aged 15+ minus married women until 1952; individuals aged 15+ from 1953 to 1999; individual taxpayers from 2000. See notes to the Tax units series.";"The series are presented in two distinct columns, following the change in the definition of the tax unit between 1952 and 1953. Tax units are: individuals aged 15+ minus married women until 1952; individuals aged 15+ from 1953 to 1999; individual taxpayers from 2000. See notes to the Tax units series.";"The series are presented in two distinct columns, following the change in the definition of the tax unit between 1952 and 1953. Tax units are: individuals aged 15+ minus married women until 1952; individuals aged 15+ from 1953 to 1999; individual taxpayers from 2000. See notes to the Tax units series.";"The series are presented in two distinct columns, following the change in the definition of the tax unit between 1952 and 1953. Tax units are: individuals aged 15+ minus married women until 1952; individuals aged 15+ from 1953 to 1999; individual taxpayers from 2000. See notes to the Tax units series.";"The series are presented in two distinct columns, following the change in the definition of the tax unit between 1952 and 1953. Tax units are: individuals aged 15+ minus married women until 1952; individuals aged 15+ from 1953 to 1999; individual taxpayers from 2000. See notes to the Tax units series.";"The series are presented in two distinct columns, following the change in the definition of the tax unit between 1952 and 1953. Tax units are: individuals aged 15+ minus married women until 1952; individuals aged 15+ from 1953 to 1999; individual taxpayers from 2000. See notes to the Tax units series.";"The series are presented in two distinct columns, following the change in the definition of the tax unit between 1952 and 1953. Tax units are: individuals aged 15+ minus married women until 1952; individuals aged 15+ from 1953 to 1999; individual taxpayers from 2000. See notes to the Tax units series.";"The series are presented in two distinct columns, following the change in the definition of the tax unit between 1952 and 1953. Tax units are: individuals aged 15+ minus married women until 1952; individuals aged 15+ from 1953 to 1999; individual taxpayers from 2000. See notes to the Tax units series.";"The series are presented in two distinct columns, following the change in the definition of the tax unit between 1952 and 1953. Tax units are: individuals aged 15+ minus married women until 1952; individuals aged 15+ from 1953 to 1999; individual taxpayers from 2000. See notes to the Tax units series.";"The series are presented in two distinct columns, following the change in the definition of the tax unit between 1952 and 1953. Tax units are: individuals aged 15+ minus married women until 1952; individuals aged 15+ from 1953 to 1999; individual taxpayers from 2000. See notes to the Tax units series.";"The series are presented in two distinct columns, following the change in the definition of the tax unit between 1952 and 1953. Tax units are: individuals aged 15+ minus married women until 1952; individuals aged 15+ from 1953 to 1999; individual taxpayers from 2000. See notes to the Tax units series.";"The series are presented in two distinct columns, following the change in the definition of the tax unit between 1952 and 1953. Tax units are: individuals aged 15+ minus married women until 1952; individuals aged 15+ from 1953 to 1999; individual taxpayers from 2000. See notes to the Tax units series.";"The series are presented in two distinct columns, following the change in the definition of the tax unit between 1952 and 1953. Tax units are: individuals aged 15+ minus married women until 1952; individuals aged 15+ from 1953 to 1999; individual taxpayers from 2000. See notes to the Tax units series.";"The series are presented in two distinct columns, following the change in the definition of the tax unit between 1952 and 1953. Tax units are: individuals aged 15+ minus married women until 1952; individuals aged 15+ from 1953 to 1999; individual taxpayers from 2000. See notes to the Tax units series.";"The series are presented in two distinct columns, following the change in the definition of the tax unit between 1952 and 1953. Tax units are: individuals aged 15+ minus married women until 1952; individuals aged 15+ from 1953 to 1999; individual taxpayers from 2000. See notes to the Tax units series.";"The series are presented in two distinct columns, following the change in the definition of the tax unit between 1952 and 1953. Tax units are: individuals aged 15+ minus married women until 1952; individuals aged 15+ from 1953 to 1999; individual taxpayers from 2000. See notes to the Tax units series.";"The series are presented in two distinct columns, following the change in the definition of the tax unit between 1952 and 1953. Tax units are: individuals aged 15+ minus married women until 1952; individuals aged 15+ from 1953 to 1999; individual taxpayers from 2000. See notes to the Tax units series.";"The series are presented in two distinct columns, following the change in the definition of the tax unit between 1952 and 1953. Tax units are: individuals aged 15+ minus married women until 1952; individuals aged 15+ from 1953 to 1999; individual taxpayers from 2000. See notes to the Tax units series.";"The series are presented in two distinct columns, following the change in the definition of the tax unit between 1952 and 1953. Tax units are: individuals aged 15+ minus married women until 1952; individuals aged 15+ from 1953 to 1999; individual taxpayers from 2000. See notes to the Tax units series.";"The series are presented in two distinct columns, following the change in the definition of the tax unit between 1952 and 1953. Tax units are: individuals aged 15+ minus married women until 1952; individuals aged 15+ from 1953 to 1999; individual taxpayers from 2000. See notes to the Tax units series.";"The series are presented in two distinct columns, following the change in the definition of the tax unit between 1952 and 1953. Tax units are: individuals aged 15+ minus married women until 1952; individuals aged 15+ from 1953 to 1999; individual taxpayers from 2000. See notes to the Tax units series.";"The series are presented in two distinct columns, following the change in the definition of the tax unit between 1952 and 1953. Tax units are: individuals aged 15+ minus married women until 1952; individuals aged 15+ from 1953 to 1999; individual taxpayers from 2000. See notes to the Tax units series.";"The series are presented in two distinct columns, following the change in the definition of the tax unit between 1952 and 1953. Tax units are: individuals aged 15+ minus married women until 1952; individuals aged 15+ from 1953 to 1999; individual taxpayers from 2000. See notes to the Tax units series.";"The series are presented in two distinct columns, following the change in the definition of the tax unit between 1952 and 1953. Tax units are: individuals aged 15+ minus married women until 1952; individuals aged 15+ from 1953 to 1999; individual taxpayers from 2000. See notes to the Tax units series.";"The series are presented in two distinct columns, following the change in the definition of the tax unit between 1952 and 1953. Tax units are: individuals aged 15+ minus married women until 1952; individuals aged 15+ from 1953 to 1999; individual taxpayers from 2000. See notes to the Tax units series.";"The series are presented in two distinct columns, following the change in the definition of the tax unit between 1952 and 1953. Tax units are: individuals aged 15+ minus married women until 1952; individuals aged 15+ from 1953 to 1999; individual taxpayers from 2000. See notes to the Tax units series.";;;;;;;;;;;;;;;;;;;The Pareto-Lorenz a coefficients were computed using the top shares estimates. As a rule they were estimated from the top 0.1% share within the top 1% share: a=1/[1-log(S1%/S0.1%)/log(10)]. When the top 0.1% and top 1% shares were not available, the closest substitutes were used.;The inverted Pareto-Lorenz b coefficients were computed from the Pareto-Lorenz coefficients using the formula b=a/(a-1). Alternatively they can be computed by using directly the top income shares series and the formula: b=1/[log(S1%/S0.1%)/log(10)].;;;Thresholds in nominal terms;;;;;
Units;%;%;%;%;%;%;%;%;%;%;%;%;%;%;%;%;%;%;%;%;%;%;%;%;%;%;%;%;%;%;%;%;%;%;%;%;%;%;%;%;%;%;%;%;%;%;%;%;%;%;%;%;%;%;%;%;%;%;%;%;%;%;%;%;%;%;%;%;%;%;%;%;%;%;%;%;%;%;%;%;%;%;%;%;%;%;%;%;%;%;%;%;%;%;%;%;%;%;%;%;%;%;%;Thousand;Thousand;Thousand;;Nominal million NZ Dollars;;December 2014=1.00;Real 2014 NZ Dollars;Real 2014 NZ Dollars;Real 2014 NZ Dollars;Real 2014 NZ Dollars;Real 2014 NZ Dollars;Real 2014 NZ Dollars;Real 2014 NZ Dollars;Real 2014 NZ Dollars;Real 2014 NZ Dollars;Real 2014 NZ Dollars;Real 2014 NZ Dollars;Real 2014 NZ Dollars;Real 2014 NZ Dollars;Real 2014 NZ Dollars;Real 2014 NZ Dollars;Real 2014 NZ Dollars;Real 2014 NZ Dollars;Real 2014 NZ Dollars;Real 2014 NZ Dollars;Real 2014 NZ Dollars;Real 2014 NZ Dollars;Real 2014 NZ Dollars;Real 2014 NZ Dollars;Real 2014 NZ Dollars;Real 2014 NZ Dollars;Real 2014 NZ Dollars;Real 2014 NZ Dollars;Real 2014 NZ Dollars;Real 2014 NZ Dollars;Real 2014 NZ Dollars;Real 2014 NZ Dollars;Real 2014 NZ Dollars;;;;;;;;;;;;;;;;;;;;;;;;;;;;
Data/No Data;1;1;1;1;1;1;1;1;1;1;0;0;1;1;1;1;1;1;1;1;0;0;0;0;0;0;0;0;0;0;0;0;0;0;0;0;0;0;0;0;0;0;0;0;0;0;0;0;0;0;0;0;0;0;0;0;0;0;0;0;0;0;0;0;0;0;0;0;0;0;0;0;0;0;0;0;0;0;0;0;0;0;0;0;0;0;0;0;0;0;0;0;0;0;0;0;0;0;0;0;0;0;0;1;1;1;0;1;0;1;1;1;0;1;1;1;1;1;1;1;1;1;1;1;0;1;1;1;1;1;1;1;1;1;1;1;1;1;1;1;0;0;0;0;0;0;0;0;0;0;0;0;0;0;0;0;0;0;0;0;1;1;;;;;;;;
Download/No Downloand;1;1;1;1;1;1;1;1;1;1;1;1;1;1;1;1;1;1;1;1;1;1;1;1;1;1;1;1;1;1;1;1;1;1;1;1;1;1;1;1;1;1;1;1;1;1;1;1;1;1;1;1;1;1;1;1;1;1;1;1;1;1;1;1;1;1;1;1;1;1;1;1;1;1;1;1;1;1;1;1;1;1;1;1;1;1;1;1;1;1;1;1;1;1;1;1;1;1;1;1;1;1;1;1;1;1;1;1;1;1;1;1;1;1;1;1;1;1;1;1;1;1;1;1;1;1;1;1;1;1;1;1;1;1;1;1;1;1;1;1;1;1;1;1;1;1;1;1;1;1;1;1;1;1;1;1;1;1;1;1;1;1;;;;;;;;
Keep decimals;2;2;2;2;2;2;2;2;2;2;2;2;2;2;2;2;2;2;2;2;2;2;2;2;2;2;2;2;2;2;2;2;2;2;2;2;2;2;2;2;2;2;2;2;2;2;2;2;2;2;2;2;2;2;2;2;2;2;2;2;2;2;2;2;2;2;2;2;2;2;2;2;2;2;2;2;2;2;2;2;2;2;2;2;2;2;2;2;2;2;2;2;2;2;2;2;2;2;2;2;2;2;2;3;3;3;3;5;5;7;2;2;2;2;2;2;2;2;2;2;2;2;2;2;2;2;2;2;2;2;2;2;2;2;2;2;2;2;2;2;2;2;2;2;2;2;2;2;2;2;2;2;2;2;2;2;2;2;2;2;3;3;;;;;;;;
Show decimals;2;2;2;2;2;2;2;2;2;2;2;2;2;2;2;2;2;2;2;2;2;2;2;2;2;2;2;2;2;2;2;2;2;2;2;2;2;2;2;2;2;2;2;2;2;2;2;2;2;2;2;2;2;2;2;2;2;2;2;2;2;2;2;2;2;2;2;2;2;2;2;2;2;2;2;2;2;2;2;2;2;2;2;2;2;2;2;2;2;2;2;2;2;2;2;2;2;2;2;2;2;2;2;0;0;0;0;0;0;5;0;0;0;0;0;0;0;0;0;0;0;0;0;0;0;0;0;0;0;0;0;0;0;0;0;0;0;0;0;0;0;0;0;0;0;0;0;0;0;0;0;0;0;0;0;0;0;0;0;0;2;2;;;;;;;;
Category;Top income shares;Top income shares;Top income shares;Top income shares;Top income shares;Top income shares;Top income shares;Top income shares;Top income shares;Top income shares;Top income shares;Top income shares;Top income shares;Top income shares;Top income shares;Top income shares;Top income shares;Top income shares;Top income shares;Top income shares;Top income shares;Top income shares;Top income shares;Top income shares;Top income shares;Top income shares;Top income shares;Top income shares;Top income shares;Top income shares;Top income shares;Top income shares;Top income shares;Top income shares;Top income shares;Top income shares;Top income shares;Top groups income composition;Top groups income composition;Top groups income composition;Top groups income composition;Top groups income composition;Top groups income composition;Top groups income composition;Top groups income composition;Top groups income composition;Top groups income composition;Top groups income composition;Top groups income composition;Top groups income composition;Top groups income composition;Top groups income composition;Top groups income composition;Top groups income composition;Top groups income composition;Top groups income composition;Top groups income composition;Top groups income composition;Top groups income composition;Top groups income composition;Top groups income composition;Top groups income composition;Top groups income composition;Top groups income composition;Top groups income composition;Top groups income composition;Top groups income composition;Top groups income composition;Top groups income composition;Top groups income composition;Top groups income composition;Top groups income composition;Top groups income composition;Top groups income composition;Top groups income composition;Top groups income composition;Top groups income composition;Top groups income composition;Top groups income composition;Top groups income composition;Top groups income composition;Top groups income composition;Top groups income composition;Top groups income composition;Top groups income composition;Top groups income composition;Top groups income composition;Top groups income composition;Top groups income composition;Top groups income composition;Top groups income composition;Top groups income composition;Top groups income composition;Top groups income composition;Top groups income composition;Top groups income composition;Top groups income composition;Top groups income composition;Top groups income composition;Top groups income composition;Top groups income composition;Top groups income composition;Top groups income composition;Population units;Population units;Population units;Population units;Income;Income;Price index;Average incomes;Average incomes;Average incomes;Average incomes;Average incomes;Average incomes;Average incomes;Average incomes;Average incomes;Average incomes;Average incomes;Average incomes;Average incomes;Average incomes;Average incomes;Average incomes;Average incomes;Average incomes;Average incomes;Average incomes;Average incomes;Average incomes;Average incomes;Average incomes;Average incomes;Average incomes;Average incomes;Average incomes;Average incomes;Average incomes;Average incomes;Average incomes;Average incomes;Average incomes;Average incomes;Average incomes;Average incomes;Average incomes;Average incomes;Average incomes;Average incomes;Average incomes;Average incomes;Average incomes;Average incomes;Average incomes;Average incomes;Average incomes;Average incomes;Average incomes;Pareto-Lorenz coefficients;Pareto-Lorenz coefficients;;;;;;;;
Subcategory;Top income shares;Top income shares;Top income shares;Top income shares;Top income shares;Top income shares;Top income shares;Top income shares;Top income shares;Top income shares;Top income shares;Top income shares;Top income shares;Top income shares;Top income shares;Top income shares;Top income shares;Top income shares;Top income shares;Top income shares;Top income shares;Top income shares;Top income shares;Top income shares including capital gains;Top income shares including capital gains;Top income shares including capital gains;Top income shares including capital gains;Top income shares including capital gains;Top income shares including capital gains;Top income shares including capital gains;Top income shares including capital gains;Top income shares including capital gains;Top income shares including capital gains;Top income shares including capital gains;Top income shares including capital gains;Top income shares including capital gains;Top income shares including capital gains;Top composition;Top composition;Top composition;Top composition;Top composition;Top composition;Top composition;Top composition;Top composition;Top composition;Top composition;Top composition;Top composition;Top composition;Top composition;Top composition;Top composition;Top composition;Top composition;Top composition;Top composition;Top composition;Top composition;Top composition;Top composition;Top composition;Top composition;Top composition;Top composition;Top composition;Top composition;Top composition;Top composition;Top composition;Top composition;Top composition;Top composition;Top composition;Top composition;Top composition;Top composition;Top composition;Top composition;Top composition;Top composition;Top composition;Top composition;Top composition;Top composition;Top composition;Top composition;Top composition;Top composition;Top composition;Top composition;Top composition;Top composition;Top composition;Top composition;Top composition;Top composition;Top composition;Top composition;Top composition;Top composition;Top composition;Number of adults;Number of tax units;Number of tax units;Number of tax returns;Fiscal income control;Fiscal income control-incl. capital gains;Price index;Average income per tax unit;Average income per tax unit;Average income per tax unit-including capital gains;Average income per adult;Fractiles income levels;Fractiles income levels;Fractiles income levels;Fractiles income levels;Fractiles income levels;Fractiles income levels;Fractiles income levels;Fractiles income levels;Fractiles income levels;Fractiles income levels;Fractiles income levels;Fractiles income levels;Fractiles income levels;Fractiles income levels;Fractiles income levels;Fractiles income levels;Fractiles income levels;Fractiles income levels;Fractiles income levels;Fractiles income levels;Fractiles income levels;Fractiles income levels;Fractiles income levels;Fractiles income levels;Fractiles income levels;Fractiles income levels;Fractiles income levels;Fractiles income levels;Fractiles income levels-including capital gains;Fractiles income levels-including capital gains;Fractiles income levels-including capital gains;Fractiles income levels-including capital gains;Fractiles income levels-including capital gains;Fractiles income levels-including capital gains;Fractiles income levels-including capital gains;Fractiles income levels-including capital gains;Fractiles income levels-including capital gains;Fractiles income levels-including capital gains;Fractiles income levels-including capital gains;Fractiles income levels-including capital gains;Fractiles income levels-including capital gains;Fractiles income levels-including capital gains;Fractiles income levels-including capital gains;Fractiles income levels-including capital gains;Fractiles income levels-including capital gains;Fractiles income levels-including capital gains;Pareto-Lorenz coefficient;Inverted Pareto-Lorenz coefficient;;;;;;;;
;;;;;;;;;;;;;;;;;;;;;;;;;;;;;;;;;;;;;;Top 10% income composition;;;;;;Top 5% income composition;;;;;;Top 1% income composition;;;;;;Top 0.5% income composition;;;;;;Top 0.1% income composition;;;;;;Top 0.01% income composition;;;;;;Top 10-5% income composition;;;;;;Top 5-1% income composition;;;;;;Top 1-0.5% income composition;;;;;;Top 0.5-0.1% income composition;;;;;;Top 0.1-0.01% income composition;;;;;;;;;;;;;;;;;;;;;;;;;;;;;;;;;;;;;;;;;;;;;;;;;;;;;;;;;;;;;;;;;;;;;;;;
Variable;Top 10% income share;Top 10% income share;Top 5% income share;Top 5% income share;Top 1% income share;Top 1% income share;Top 0.5% income share;Top 0.5% income share;Top 0.1% income share;Top 0.1% income share;Top 0.05% income share;Top 0.01% income share;Top 10-5% income share;Top 10-5% income share;Top 5-1% income share;Top 5-1% income share;Top 1-0.5% income share;Top 1-0.5% income share;Top 0.5-0.1% income share;Top 0.5-0.1% income share;Top 0.1-0.05% income share;Top 0.05-0.01% income share;Top 0.1-0.01% income share;Top 10% income share-including capital gains;Top 5% income share-including capital gains;Top 1% income share-including capital gains;Top 0.5% income share-including capital gains;Top 0.1% income share-including capital gains;Top 0.05% income share-including capital gains;Top 0.01% income share-including capital gains;Top 10-5% income share-including capital gains;Top 5-1% income share-including capital gains;Top 1-0.5% income share-including capital gains;Top 0.5-0.1% income share-including capital gains;Top 0.1-0.05% income share-including capital gains;Top 0.05-0.01% income share-including capital gains;Top 0.1-0.01% income share-including capital gains;Top 10% income composition;Top 10% income composition;Top 10% income composition;Top 10% income composition;Top 10% income composition;Top 10% income composition;Top 5% income composition;Top 5% income composition;Top 5% income composition;Top 5% income composition;Top 5% income composition;Top 5% income composition;Top 1% income composition;Top 1% income composition;Top 1% income composition;Top 1% income composition;Top 1% income composition;Top 1% income composition;Top 0.5% income composition;Top 0.5% income composition;Top 0.5% income composition;Top 0.5% income composition;Top 0.5% income composition;Top 0.5% income composition;Top 0.1% income composition;Top 0.1% income composition;Top 0.1% income composition;Top 0.1% income composition;Top 0.1% income composition;Top 0.1% income composition;Top 0.01% income composition;Top 0.01% income composition;Top 0.01% income composition;Top 0.01% income composition;Top 0.01% income composition;Top 0.01% income composition;Top 10-5% income composition;Top 10-5% income composition;Top 10-5% income composition;Top 10-5% income composition;Top 10-5% income composition;Top 10-5% income composition;Top 5-1% income composition;Top 5-1% income composition;Top 5-1% income composition;Top 5-1% income composition;Top 5-1% income composition;Top 5-1% income composition;Top 1-0.5% income composition;Top 1-0.5% income composition;Top 1-0.5% income composition;Top 1-0.5% income composition;Top 1-0.5% income composition;Top 1-0.5% income composition;Top 0.5-0.1% income composition;Top 0.5-0.1% income composition;Top 0.5-0.1% income composition;Top 0.5-0.1% income composition;Top 0.5-0.1% income composition;Top 0.5-0.1% income composition;Top 0.1-0.01% income composition;Top 0.1-0.01% income composition;Top 0.1-0.01% income composition;Top 0.1-0.01% income composition;Top 0.1-0.01% income composition;Top 0.1-0.01% income composition;Number of adults;Number of tax units;Number of tax units;Number of tax returns;Fiscal income control;Fiscal income control-incl. capital gains;Price index;Average income per tax unit;Average income per tax unit;Average income per tax unit-including capital gains;Average income per adult;Top 10% average income;Top 10% average income;Top 5% average income;Top 5% average income;Top 1% average income;Top 1% average income;Top 0.5% average income;Top 0.5% average income;Top 0.1% average income;Top 0.1% average income;Top 0.01% average income;Bottom 90% average income;Bottom 90% average income;Top 10-5% average income;Top 10-5% average income;Top 5-1% average income;Top 5-1% average income;Top 1-0.5% average income;Top 1-0.5% average income;Top 0.5-0.1% average income;Top 0.5-0.1% average income;Top 0.1-0.01% average income;P90 income threshold;P95 income threshold;P99 income threshold;P99.5 income threshold;P99.9 income threshold;P99.99 income threshold;Top 10% average income-including capital gains;Top 5% average income-including capital gains;Top 1% average income-including capital gains;Top 0.5% average income-including capital gains;Top 0.1% average income-including capital gains;Top 0.01% average income-including capital gains;Bottom 90% average income-including capital gains;Top 10-5% average income-including capital gains;Top 5-1% average income-including capital gains;Top 1-0.5% average income-including capital gains;Top 0.5-0.1% average income-including capital gains;Top 0.1-0.01% average income-including capital gains;P90 income-including capital gains threshold;P95 income-including capital gains threshold;P99 income-including capital gains threshold;P99.5 income-including capital gains threshold;P99.9 income-including capital gains threshold;P99.99 income-including capital gains threshold;Pareto-Lorenz coefficient;Inverted Pareto-Lorenz coefficient;;;20;10;5;1;0,5;0,1
Subvariable;married couples & single adults;adults;married couples & single adults;adults;married couples & single adults;adults;married couples & single adults;adults;married couples & single adults;adults;;;married couples & single adults;adults;married couples & single adults;adults;married couples & single adults;adults;married couples & single adults;adults;;;;;;;;;;;;;;;;;;;;;;;;;;;;;;;;;;;;;;;;;;;;;;;;;;;;;;;;;;;;;;;;;;;;;;;;;;;;;;;;;;;;;married couples & single adults;adults;;;;;married couples & single adults;adults;;;married couples & single adults;adults;married couples & single adults;adults;married couples & single adults;adults;married couples & single adults;adults;married couples & single adults;adults;;married couples & single adults;adults;married couples & single adults;adults;married couples & single adults;adults;married couples & single adults;adults;married couples & single adults;adults;;adults;adults;adults;adults;;;;;;;;;;;;;;;;;;;;;;;;;;;;;;
1900;;;;;;;;;;;;;;;;;;;;;;;;;;;;;;;;;;;;;;;;;;;;;;;;;;;;;;;;;;;;;;;;;;;;;;;;;;;;;;;;;;;;;;;;;;;;;;;;;;;;;;;;;;;;;;;;;;;;;;;;;;;;;;;;;;;;;;;;;;;;;;;;;;;;;;;;;;;;;;;;;;;;;;;;;;
1901;;;;;;;;;;;;;;;;;;;;;;;;;;;;;;;;;;;;;;;;;;;;;;;;;;;;;;;;;;;;;;;;;;;;;;;;;;;;;;;;;;;;;;;;;;;;;;;;;;;;;;;;;;;;;;;;;;;;;;;;;;;;;;;;;;;;;;;;;;;;;;;;;;;;;;;;;;;;;;;;;;;;;;;;;;
1902;;;;;;;;;;;;;;;;;;;;;;;;;;;;;;;;;;;;;;;;;;;;;;;;;;;;;;;;;;;;;;;;;;;;;;;;;;;;;;;;;;;;;;;;;;;;;;;;;;;;;;;;;;;;;;;;;;;;;;;;;;;;;;;;;;;;;;;;;;;;;;;;;;;;;;;;;;;;;;;;;;;;;;;;;;
1903;;;;;;;;;;;;;;;;;;;;;;;;;;;;;;;;;;;;;;;;;;;;;;;;;;;;;;;;;;;;;;;;;;;;;;;;;;;;;;;;;;;;;;;;;;;;;;;;;;;;;;;;;;;;;;;;;;;;;;;;;;;;;;;;;;;;;;;;;;;;;;;;;;;;;;;;;;;;;;;;;;;;;;;;;;
1904;;;;;;;;;;;;;;;;;;;;;;;;;;;;;;;;;;;;;;;;;;;;;;;;;;;;;;;;;;;;;;;;;;;;;;;;;;;;;;;;;;;;;;;;;;;;;;;;;;;;;;;;;;;;;;;;;;;;;;;;;;;;;;;;;;;;;;;;;;;;;;;;;;;;;;;;;;;;;;;;;;;;;;;;;;
1905;;;;;;;;;;;;;;;;;;;;;;;;;;;;;;;;;;;;;;;;;;;;;;;;;;;;;;;;;;;;;;;;;;;;;;;;;;;;;;;;;;;;;;;;;;;;;;;;;;;;;;;;;;;;;;;;;;;;;;;;;;;;;;;;;;;;;;;;;;;;;;;;;;;;;;;;;;;;;;;;;;;;;;;;;;
1906;;;;;;;;;;;;;;;;;;;;;;;;;;;;;;;;;;;;;;;;;;;;;;;;;;;;;;;;;;;;;;;;;;;;;;;;;;;;;;;;;;;;;;;;;;;;;;;;;;;;;;;;;;;;;;;;;;;;;;;;;;;;;;;;;;;;;;;;;;;;;;;;;;;;;;;;;;;;;;;;;;;;;;;;;;
1907;;;;;;;;;;;;;;;;;;;;;;;;;;;;;;;;;;;;;;;;;;;;;;;;;;;;;;;;;;;;;;;;;;;;;;;;;;;;;;;;;;;;;;;;;;;;;;;;;;;;;;;;;;;;;;;;;;;;;;;;;;;;;;;;;;;;;;;;;;;;;;;;;;;;;;;;;;;;;;;;;;;;;;;;;;
1908;;;;;;;;;;;;;;;;;;;;;;;;;;;;;;;;;;;;;;;;;;;;;;;;;;;;;;;;;;;;;;;;;;;;;;;;;;;;;;;;;;;;;;;;;;;;;;;;;;;;;;;;;;;;;;;;;;;;;;;;;;;;;;;;;;;;;;;;;;;;;;;;;;;;;;;;;;;;;;;;;;;;;;;;;;
1909;;;;;;;;;;;;;;;;;;;;;;;;;;;;;;;;;;;;;;;;;;;;;;;;;;;;;;;;;;;;;;;;;;;;;;;;;;;;;;;;;;;;;;;;;;;;;;;;;;;;;;;;;;;;;;;;;;;;;;;;;;;;;;;;;;;;;;;;;;;;;;;;;;;;;;;;;;;;;;;;;;;;;;;;;;
1910;;;;;;;;;;;;;;;;;;;;;;;;;;;;;;;;;;;;;;;;;;;;;;;;;;;;;;;;;;;;;;;;;;;;;;;;;;;;;;;;;;;;;;;;;;;;;;;;;;;;;;;;;;;;;;;;;;;;;;;;;;;;;;;;;;;;;;;;;;;;;;;;;;;;;;;;;;;;;;;;;;;;;;;;;;
1911;;;;;;;;;;;;;;;;;;;;;;;;;;;;;;;;;;;;;;;;;;;;;;;;;;;;;;;;;;;;;;;;;;;;;;;;;;;;;;;;;;;;;;;;;;;;;;;;;;;;;;;;;;;;;;;;;;;;;;;;;;;;;;;;;;;;;;;;;;;;;;;;;;;;;;;;;;;;;;;;;;;;;;;;;;
1912;;;;;;;;;;;;;;;;;;;;;;;;;;;;;;;;;;;;;;;;;;;;;;;;;;;;;;;;;;;;;;;;;;;;;;;;;;;;;;;;;;;;;;;;;;;;;;;;;;;;;;;;;;;;;;;;;;;;;;;;;;;;;;;;;;;;;;;;;;;;;;;;;;;;;;;;;;;;;;;;;;;;;;;;;;
1913;;;;;;;;;;;;;;;;;;;;;;;;;;;;;;;;;;;;;;;;;;;;;;;;;;;;;;;;;;;;;;;;;;;;;;;;;;;;;;;;;;;;;;;;;;;;;;;;;;;;;;;;;;;;;;;;;;;;;;;;;;;;;;;;;;;;;;;;;;;;;;;;;;;;;;;;;;;;;;;;;;;;;;;;;;
1914;;;;;;;;;;;;;;;;;;;;;;;;;;;;;;;;;;;;;;;;;;;;;;;;;;;;;;;;;;;;;;;;;;;;;;;;;;;;;;;;;;;;;;;;;;;;;;;;;;;;;;;;;;;;;;;;;;;;;;;;;;;;;;;;;;;;;;;;;;;;;;;;;;;;;;;;;;;;;;;;;;;;;;;;;;
1915;;;;;;;;;;;;;;;;;;;;;;;;;;;;;;;;;;;;;;;;;;;;;;;;;;;;;;;;;;;;;;;;;;;;;;;;;;;;;;;;;;;;;;;;;;;;;;;;;;;;;;;;;;;;;;;;;;;;;;;;;;;;;;;;;;;;;;;;;;;;;;;;;;;;;;;;;;;;;;;;;;;;;;;;;;
1916;;;;;;;;;;;;;;;;;;;;;;;;;;;;;;;;;;;;;;;;;;;;;;;;;;;;;;;;;;;;;;;;;;;;;;;;;;;;;;;;;;;;;;;;;;;;;;;;;;;;;;;;;;;;;;;;;;;;;;;;;;;;;;;;;;;;;;;;;;;;;;;;;;;;;;;;;;;;;;;;;;;;;;;;;;
1917;;;;;;;;;;;;;;;;;;;;;;;;;;;;;;;;;;;;;;;;;;;;;;;;;;;;;;;;;;;;;;;;;;;;;;;;;;;;;;;;;;;;;;;;;;;;;;;;;;;;;;;;;;;;;;;;;;;;;;;;;;;;;;;;;;;;;;;;;;;;;;;;;;;;;;;;;;;;;;;;;;;;;;;;;;
1918;;;;;;;;;;;;;;;;;;;;;;;;;;;;;;;;;;;;;;;;;;;;;;;;;;;;;;;;;;;;;;;;;;;;;;;;;;;;;;;;;;;;;;;;;;;;;;;;;;;;;;;;;;;;;;;;;;;;;;;;;;;;;;;;;;;;;;;;;;;;;;;;;;;;;;;;;;;;;;;;;;;;;;;;;;
1919;;;;;;;;;;;;;;;;;;;;;;;;;;;;;;;;;;;;;;;;;;;;;;;;;;;;;;;;;;;;;;;;;;;;;;;;;;;;;;;;;;;;;;;;;;;;;;;;;;;;;;;;;;;;;;;;;;;;;;;;;;;;;;;;;;;;;;;;;;;;;;;;;;;;;;;;;;;;;;;;;;;;;;;;;;
1920;;;;;;;;;;;;;;;;;;;;;;;;;;;;;;;;;;;;;;;;;;;;;;;;;;;;;;;;;;;;;;;;;;;;;;;;;;;;;;;;;;;;;;;;;;;;;;;;;;;;;;;;;;;;;;;;;;;;;;;;;;;;;;;;;;;;;;;;;;;;;;;;;;;;;;;;;;;;;;;;;;;;;;;;;;
1921;;;25,39;;11,34;;7,82;;3,13;;;;;;14,04;;3,53;;4,69;;;;;;;;;;;;;;;;;;;;;;;;;;;;;;;;;;;;;;;;;;;;;;;;;;;;;;;;;;;;;;;;;;;;;;;;;;;;;;;;;;;;;982;669;;;192;;0,0228;12 597;;;8 586;;;63 959;;142 914;;196 975;;393 692;;;;;;;44 220;;88 852;;147 795;;;;;;;;;;;;;;;;;;;;;;;;;;;2,272297271;1,785979836;;;;;;;;
1922;;;23,84;;10,47;;7,22;;2,89;;;;;;13,37;;3,24;;4,34;;;;;;;;;;;;;;;;;;;;;;;;;;;;;;;;;;;;;;;;;;;;;;;;;;;;;;;;;;;;;;;;;;;;;;;;;;;;;;;;;;;;;1 009;688;;;203;;0,0204;14 436;;;9 840;;;68 829;;151 109;;208 562;;416 590;;;;;;;48 259;;93 656;;156 555;;;;;;;;;;;;;;;;;;;;;;;;;;;2,270572681;1,787046672;;;;;;;;
1923;;;24,72;;10,94;;7,54;;2,96;;;;;;13,77;;3,41;;4,58;;;;;;;;;;;;;;;;;;;;;;;;;;;;;;;;;;;;;;;;;;;;;;;;;;;;;;;;;;;;;;;;;;;;;;;;;;;;;;;;;;;;;1 033;704;;;214;;0,0203;14 967;;;10 201;;;73 991;;163 794;;225 648;;443 216;;;;;;;51 540;;101 941;;171 256;;;;;;;;;;;;;;;;;;;;;;;;;;;2,313119731;1,761545179;;;;;;;;
1924;33,73;;24,47;;10,89;;7,51;;2,91;;;;9,26;;13,59;;3,38;;4,59;;;;;;;;;;;;;;;;;;;;;;;;;;;;;;;;;;;;;;;;;;;;;;;;;;;;;;;;;;;;;;;;;;;;;;;;;;;;;;;;;;;;;1 058;721;;;231;;0,0215;14 872;;;10 137;50 162;;72 793;;161 892;;223 285;;433 120;;;10 951;;27 530;;50 518;;100 499;;170 826;;;;;;;;;;;;;;;;;;;;;;;;;;;2,339821446;1,74636811;;;;;;;;
1925;34,97;;25,16;;11,08;;7,60;;2,92;;;;9,82;;14,07;;3,48;;4,69;;;;;;;;;;;;;;;;;;;;;;;;;;;;;;;;;;;;;;;;;;;;;;;;;;;;;;;;;;;;;;;;;;;;;;;;;;;;;;;;;;;;;1 087;741;;;233;;0,0221;14 240;;;9 706;49 805;;71 644;;157 808;;216 573;;415 603;;;10 289;;27 966;;50 104;;99 043;;166 815;;;;;;;;;;;;;;;;;;;;;;;;;;;2,377833545;1,725777075;;;;;;;;
1926;35,73;;25,18;;10,84;;7,36;;2,79;;;;10,56;;14,34;;3,48;;4,58;;;;;;;;;;;;;;;;;;;;;;;;;;;;;;;;;;;;;;;;;;;;;;;;;;;;;;;;;;;;;;;;;;;;;;;;;;;;;;;;;;;;;1 116;761;;;232;;0,0219;13 891;;;9 468;49 638;;69 944;;150 580;;204 611;;386 943;;;9 919;;29 332;;49 785;;96 549;;159 028;;;;;;;;;;;;;;;;;;;;;;;;;;;2,439735857;1,694571851;;;;;;;;
1927;35,69;;24,99;;10,64;;7,20;;2,69;;;;10,70;;14,34;;3,45;;4,50;;;;;;;;;;;;;;;;;;;;;;;;;;;;;;;;;;;;;;;;;;;;;;;;;;;;;;;;;;;;;;;;;;;;;;;;;;;;;;;;;;;;;1 143;779;;;240;;0,0217;14 213;;;9 687;50 725;;71 021;;151 274;;204 563;;382 746;;;10 156;;30 428;;50 958;;97 985;;160 018;;;;;;;;;;;;;;;;;;;;;;;;;;;2,480485891;1,675453921;;;;;;;;
1928;35,85;;25,42;;11,47;;7,98;;3,17;;;;10,43;;13,95;;3,49;;4,81;;;;;;;;;;;;;;;;;;;;;;;;;;;;;;;;;;;;;;;;;;;;;;;;;;;;;;;;;;;;;;;;;;;;;;;;;;;;;;;;;;;;;1 163;793;;;254;;0,0218;14 685;;;10 009;52 642;;74 651;;168 407;;234 372;;466 208;;;10 467;;30 634;;51 212;;102 443;;176 413;;;;;;;;;;;;;;;;;;;;;;;;;;;2,261323729;1,792817876;;;;;;;;
1929;36,54;;25,48;;10,99;;7,48;;2,88;;;;11,06;;14,49;;3,51;;4,60;;;;;;;;;;;;;;;;;;;;;;;;;;;;;;;;;;;;;;;;;;;;;;;;;;;;;;;;;;;;;;;;;;;;;;;;;;;;;;;;;;;;;1 182;806;;;247;;0,0217;14 137;;;9 636;51 662;;72 047;;155 361;;211 454;;406 690;;;9 968;;31 277;;51 219;;99 268;;162 644;;;;;;;;;;;;;;;;;;;;;;;;;;;2,392787689;1,71798452;;;;;;;;
1930;38,38;;26,17;;10,57;;7,06;;2,60;;;;12,21;;15,60;;3,51;;4,46;;;;;;;;;;;;;;;;;;;;;;;;;;;;;;;;;;;;;;;;;;;;;;;;;;;;;;;;;;;;;;;;;;;;;;;;;;;;;;;;;;;;;1 206;822;;;211;;0,0207;12 403;;;8 454;47 604;;64 909;;131 081;;175 045;;321 991;;;8 492;;30 299;;48 366;;87 116;;138 308;;;;;;;;;;;;;;;;;;;;;;;;;;;2,562096197;1,64016544;;;;;;;;
1931;;;;;;;;;;;;;;;;;;;;;;;;;;;;;;;;;;;;;;;;;;;;;;;;;;;;;;;;;;;;;;;;;;;;;;;;;;;;;;;;;;;;;;;;;;;;;;;;;;;;;;;;1 229;838;;;189;;0,0191;11 822;;;8 058;;;;;;;;;;;;;;;;;;;;;;;;;;;;;;;;;;;;;;;;;;;;;;;;;;;;;;;;
1932;;;;;;;;;;;;;;;;;;;;;;;;;;;;;;;;;;;;;;;;;;;;;;;;;;;;;;;;;;;;;;;;;;;;;;;;;;;;;;;;;;;;;;;;;;;;;;;;;;;;;;;;1 247;850;;;175;;0,0173;11 881;;;8 098;;;;;;;;;;;;;;;;;;;;;;;;;;;;;;;;;;;;;;;;;;;;;;;;;;;;;;;;
1933;38,13;;25,99;;10,86;;7,39;;2,81;;;;12,13;;15,14;;3,47;;4,58;;;;;;;;;;;;;;;;;;;;;;;;;;;;;;;;;;;;;;;;;;;;;;;;;;;;;;;;;;;;;;;;;;;;;;;;;;;;;;;;;;;;;1 265;862;;;192;;0,0172;12 950;;;8 827;49 375;;67 324;;140 602;;191 418;;364 269;;;8 903;;31 425;;49 005;;89 786;;148 205;;;;;;;;;;;;;;;;;;;;;;;;;;;2,418785971;1,704827945;;;;;;;;
1934;37,97;;25,64;;10,42;;6,96;;2,49;;;;12,33;;15,22;;3,46;;4,47;;;;;;;;;;;;;;;;;;;;;;;;;;;;;;;;;;;;;;;;;;;;;;;;;;;;;;;;;;;;;;;;;;;;;;;;;;;;;;;;;;;;;1 281;873;;;199;;0,0175;13 024;;;8 878;49 460;;66 790;;135 755;;181 397;;324 949;;;8 976;;32 129;;49 549;;90 113;;145 509;;;;;;;;;;;;;;;;;;;;;;;;;;;2,638110873;1,61045929;;;;;;;;
1935;;;24,65;;10,36;;6,93;;2,77;;;;;;14,29;;3,43;;4,16;;;;;;;;;;;;;;;;;;;;;;;;;;;;;;;;;;;;;;;;;;;;;;;;;;;;;;;;;;;;;;;;;;;;;;;;;;;;;;;;;;;;;1 295;883;;;231;;0,0182;14 397;;;9 813;;;70 972;;149 169;;199 523;;398 128;;;;;;;51 423;;98 814;;149 872;;;;;;;;;;;;;;;;;;;;;;;;;;;2,345516318;1,743209121;;;;;;;;
1936;34,49;;24,15;;10,66;;7,28;;2,81;;;;10,34;;13,49;;3,38;;4,47;;;;;;;;;;;;;;;;;;;;;;;;;;;;;;;;;;;;;;;;;;;;;;;;;;;;;;;;;;;;;;;;;;;;;;;;;;;;;;;;;;;;;1 315;896;;;289;;0,0191;16 927;;;11 537;58 384;;81 762;;180 492;;246 479;;475 339;;;12 320;;35 006;;57 080;;114 504;;189 265;;;;;;;;;;;;;;;;;;;;;;;;;;;2,377862223;1,725761969;;;;;;;;
1937;30,36;;20,51;;8,33;;5,48;;1,91;;;;9,84;;12,18;;2,85;;3,57;;;;;;;;;;;;;;;;;;;;;;;;;;;;;;;;;;;;;;;;;;;;;;;;;;;;;;;;;;;;;;;;;;;;;;;;;;;;;;;;;;;;;1 310;893;;;318;;0,0204;17 462;;;11 902;53 011;;71 642;;145 477;;191 546;;334 095;;;13 512;;34 381;;53 183;;99 407;;155 909;;;;;;;;;;;;;;;;;;;;;;;;;;;2,769504383;1,565129993;;;;;;;;
1938;27,64;;18,47;;7,32;;4,79;;1,66;;;;9,17;;11,15;;2,53;;3,12;;;;;;;;;;;;;;;;;;;;;;;;;;;;;;;;;;;;;;;;;;;;;;;;;;;;;;;;;;;;;;;;;;;;;;;;;;;;;;;;;;;;;1 307;891;;;350;;0,0208;18 902;;;12 884;52 240;;69 817;;138 387;;180 944;;314 451;;;15 198;;34 664;;52 674;;95 830;;147 568;;;;;;;;;;;;;;;;;;;;;;;;;;;2,805381673;1,553899497;;;;;;;;
1939;29,72;;19,92;;7,85;;5,15;;1,86;;;;9,80;;12,08;;2,70;;3,28;;;;;;;;;;;;;;;;;;;;;;;;;;;;;;;;;;;;;;;;;;;;;;;;;;;;;;;;;;;;;;;;;;;;;;;;;;;;;;;;;;;;;1 307;891;;;372;;0,0219;19 098;;;13 018;56 759;;76 098;;149 849;;196 552;;355 682;;;14 914;;37 421;;57 660;;103 146;;156 770;;;;;;;;;;;;;;;;;;;;;;;;;;;2,663778899;1,601041401;;;;;;;;
1940;28,67;;19,16;;7,42;;4,83;;1,67;;;;9,50;;11,74;;2,59;;3,16;;;;;;;;;;;;;;;;;;;;;;;;;;;;;;;;;;;;;;;;;;;;;;;;;;;;;;;;;;;;;;;;;;;;;;;;;;;;;;;;;;;;;1 297;884;;;405;;0,0226;20 238;;;13 794;58 013;;77 555;;150 108;;195 562;;338 229;;;16 041;;38 471;;59 416;;104 654;;159 896;;;;;;;;;;;;;;;;;;;;;;;;;;;2,834413583;1,545133338;;;;;;;;
1941;;;;;;;;;;;;;;;;;;;;;;;;;;;;;;;;;;;;;;;;;;;;;;;;;;;;;;;;;;;;;;;;;;;;;;;;;;;;;;;;;;;;;;;;;;;;;;;;;;;;;;;;1 275;869;;;;;0,0237;;;;;;;;;;;;;;;;;;;;;;;;;;;;;;;;;;;;;;;;;;;;;;;;;;;;;;;;;;;;
1942;;;;;;;;;;;;;;;;;;;;;;;;;;;;;;;;;;;;;;;;;;;;;;;;;;;;;;;;;;;;;;;;;;;;;;;;;;;;;;;;;;;;;;;;;;;;;;;;;;;;;;;;1 265;862;;;;;0,0243;;;;;;;;;;;;;;;;;;;;;;;;;;;;;;;;;;;;;;;;;;;;;;;;;;;;;;;;;;;;
1943;;;;;;;;;;;;;;;;;;;;;;;;;;;;;;;;;;;;;;;;;;;;;;;;;;;;;;;;;;;;;;;;;;;;;;;;;;;;;;;;;;;;;;;;;;;;;;;;;;;;;;;;1 246;849;;;;;0,0242;;;;;;;;;;;;;;;;;;;;;;;;;;;;;;;;;;;;;;;;;;;;;;;;;;;;;;;;;;;;
1944;;;;;;;;;;;;;;;;;;;;;;;;;;;;;;;;;;;;;;;;;;;;;;;;;;;;;;;;;;;;;;;;;;;;;;;;;;;;;;;;;;;;;;;;;;;;;;;;;;;;;;;;1 244;848;;;;;0,0242;;;;;;;;;;;;;;;;;;;;;;;;;;;;;;;;;;;;;;;;;;;;;;;;;;;;;;;;;;;;
1945;25,26;;17,08;;6,88;;4,49;;1,60;;;;8,18;;10,20;;2,39;;2,90;;;;;;;;;;;;;;;;;;;;;;;;;;;;;;;;;;;;;;;;;;;;;;;;;;;;;;;;;;;;;;;;;;;;;;;;;;;;;;;;;;;;;1 256;856;;;618;;0,0242;29 839;;;20 338;75 376;;101 927;;205 308;;268 228;;477 005;;;24 779;;48 825;;76 082;;142 389;;216 034;;;;;;;;;;;;;;;;;;;;;;;;;;;2,731371692;1,57757673;;;;;;;;
1946;27,10;;18,54;;7,50;;4,90;;1,76;;;;8,56;;11,04;;2,60;;3,14;;;;;;;;;;;;;;;;;;;;;;;;;;;;;;;;;;;;;;;;;;;;;;;;;;;;;;;;;;;;;;;;;;;;;;;;;;;;;;;;;;;;;1 294;882;;;663;;0,0244;30 815;;;21 004;83 517;;114 285;;231 199;;301 988;;542 787;;;24 960;;52 748;;85 056;;160 410;;241 788;;;;;;;;;;;;;;;;;;;;;;;;;;;2,69801323;1,588923562;;;;;;;;
1947;28,44;;19,54;;7,72;;5,03;;1,77;;;;8,89;;11,82;;2,69;;3,27;;;;;;;;;;;;;;;;;;;;;;;;;;;;;;;;;;;;;;;;;;;;;;;;;;;;;;;;;;;;;;;;;;;;;;;;;;;;;;;;;;;;;1 312;894;;;750;;0,0264;31 805;;;21 679;90 442;;124 303;;245 451;;320 067;;561 755;;;25 290;;56 581;;94 016;;170 835;;259 645;;;;;;;;;;;;;;;;;;;;;;;;;;;2,781004456;1,561480909;;;;;;;;
1948;28,80;;19,67;;7,74;;5,09;;1,87;;;;9,13;;11,93;;2,65;;3,22;;;;;;;;;;;;;;;;;;;;;;;;;;;;;;;;;;;;;;;;;;;;;;;;;;;;;;;;;;;;;;;;;;;;;;;;;;;;;;;;;;;;;1 328;905;;;789;;0,0286;30 528;;;20 808;87 907;;120 076;;236 184;;310 627;;569 868;;;24 152;;55 737;;91 049;;161 740;;245 817;;;;;;;;;;;;;;;;;;;;;;;;;;;2,614214057;1,619496526;;;;;;;;
1949;29,56;;20,32;;8,02;;5,26;;1,92;;;;9,24;;12,30;;2,76;;3,35;;;;;;;;;;;;;;;;;;;;;;;;;;;;;;;;;;;;;;;;;;;;;;;;;;;;;;;;;;;;;;;;;;;;;;;;;;;;;;;;;;;;;1 345;917;;;888;;0,0290;33 444;;;22 796;98 851;;135 917;;268 139;;351 906;;640 770;;;26 176;;61 786;;102 861;;184 372;;279 690;;;;;;;;;;;;;;;;;;;;;;;;;;;2,643109102;1,608602313;;;;;;;;
1950;31,32;;22,59;;9,44;;6,17;;2,23;;;;8,73;;13,15;;3,27;;3,93;;;;;;;;;;;;;;;;;;;;;;;;;;;;;;;;;;;;;;;;;;;;;;;;;;;;;;;;;;;;;;;;;;;;;;;;;;;;;;;;;;;;;1 360;927;;;1 104;;0,0315;37 768;;;25 743;118 300;;170 630;;356 410;;465 754;;842 981;;;28 819;;65 970;;124 185;;247 066;;371 447;;;;;;;;;;;;;;;;;;;;;;;;;;;2,674740013;1,597107606;;;;;;;;
1951;29,32;;20,11;;7,88;;5,11;;1,85;;;;9,21;;12,23;;2,77;;3,26;;;;;;;;;;;;;;;;;;;;;;;;;;;;;;;;;;;;;;;;;;;;;;;;;;;;;;;;;;;;;;;;;;;;;;;;;;;;;;;;;;;;;1 378;939;;;1 138;;0,0352;34 475;;;23 499;101 086;;138 675;;271 759;;352 572;;639 255;;;27 074;;63 496;;105 404;;190 946;;280 902;;;;;;;;;;;;;;;;;;;;;;;;;;;2,691867051;1,591062991;;;;;;;;
1952;30,14;;20,59;;7,94;;5,11;;1,83;;;;9,55;;12,65;;2,84;;3,27;;;;;;;;;;;;;;;;;;;;;;;;;;;;;;;;;;;;;;;;;;;;;;;;;;;;;;;;;;;;;;;;;;;;;;;;;;;;;;;;;;;;;1 405;958;;;1 208;;0,0366;34 490;;;23 509;103 952;;142 030;;273 958;;352 241;;631 805;;;26 772;;65 874;;109 049;;195 676;;282 350;;;;;;;;;;;;;;;;;;;;;;;;;;;2,755594388;1,569607654;;;;;;;;
1953;;35,93;;24,83;;9,90;;6,41;;2,33;;;;11,10;;14,93;;3,49;;4,09;;;;;;;;;;;;;;;;;;;;;;;;;;;;;;;;;;;;;;;;;;;;;;;;;;;;;;;;;;;;;;;;;;;;;;;;;;;;;;;;;;;;1 432;;1 432;;1 333;;0,0388;;23 985;;23 985;;86 181;;119 101;;237 377;;307 540;;557 865;;;17 075;;53 261;;89 531;;167 214;;244 959;;;;;;;;;;;;;;;;;;;;;;;;;;2,694759527;1,590054214;;;;;;;;
1954;;35,40;;24,29;;9,54;;6,15;;2,20;;;;11,11;;14,75;;3,39;;3,95;;;;;;;;;;;;;;;;;;;;;;;;;;;;;;;;;;;;;;;;;;;;;;;;;;;;;;;;;;;;;;;;;;;;;;;;;;;;;;;;;;;;1 459;;1 459;;1 444;;0,0397;;24 959;;24 959;;88 347;;121 257;;238 184;;307 123;;549 504;;;17 916;;55 437;;92 026;;169 245;;246 528;;;;;;;;;;;;;;;;;;;;;;;;;;2,754376659;1,570003023;;;;;;;;
1955;;34,13;;22,89;;8,76;;5,61;;1,98;;;;11,24;;14,13;;3,15;;3,62;;;;;;;;;;;;;;;;;;;;;;;;;;;;;;;;;;;;;;;;;;;;;;;;;;;;;;;;;;;;;;;;;;;;;;;;;;;;;;;;;;;;1 487;;1 487;;1 520;;0,0405;;25 241;;25 241;;86 136;;115 550;;221 011;;282 969;;500 001;;;18 475;;56 722;;89 184;;159 052;;228 711;;;;;;;;;;;;;;;;;;;;;;;;;;2,820415975;1,549324997;;;;;;;;
1956;;35,04;;23,53;;8,91;;5,74;;2,10;;;;11,51;;14,62;;3,17;;3,64;;;;;;;;;;;;;;;;;;;;;;;;;;;;;;;;;;;;;;;;;;;;;;;;;;;;;;;;;;;;;;;;;;;;;;;;;;;;;;;;;;;;1 514;;1 514;;1 622;;0,0420;;25 510;;25 510;;89 386;;120 026;;227 289;;292 743;;535 104;;;18 412;;58 745;;93 211;;161 834;;232 153;;;;;;;;;;;;;;;;;;;;;;;;;;2,689184812;1,592001534;;;;;;;;
1957;;33,94;;22,69;;8,65;;5,61;;2,00;;;;11,25;;14,04;;3,05;;3,61;;;;;;;;;;;;;;;;;;;;;;;;;;;;;;;;;;;;;;;;;;;;;;;;;;;;;;;;;;;;;;;;;;;;;;;;;;;;;;;;;;;;1 541;;1 541;;1 735;;0,0427;;26 339;;26 339;;89 397;;119 521;;227 921;;295 296;;525 964;;;19 332;;59 274;;92 421;;160 545;;237 630;;;;;;;;;;;;;;;;;;;;;;;;;;2,753513628;1,570283563;;;;;;;;
1958;;31,93;;20,66;;7,26;;4,51;;1,48;;;;11,27;;13,40;;2,75;;3,03;;;;;;;;;;;;;;;;;;;;;;;;;;;;;;;;;;;;;;;;;;;;;;;;;;;;;;;;;;;;;;;;;;;;;;;;;;;;;;;;;;;;1 568;;1 568;;1 754;;0,0457;;24 453;;24 453;;78 073;;101 021;;177 448;;220 485;;360 823;;;18 495;;55 124;;81 915;;134 410;;185 401;;;;;;;;;;;;;;;;;;;;;;;;;;3,244386044;1,445556148;;;;;;;;
1959;;32,65;;21,37;;7,60;;4,77;;1,63;;;;11,27;;13,77;;2,83;;3,14;;;;;;;;;;;;;;;;;;;;;;;;;;;;;;;;;;;;;;;;;;;;;;;;;;;;;;;;;;;;;;;;;;;;;;;;;;;;;;;;;;;;1 589;;1 589;;1 891;;0,0461;;25 803;;25 803;;84 237;;110 293;;196 163;;246 039;;419 372;;;19 310;;58 181;;88 826;;146 287;;202 705;;;;;;;;;;;;;;;;;;;;;;;;;;3,03045965;1,492499321;;;;;;;;
1960;;32,17;;20,93;;7,44;;4,71;;1,66;;;;11,24;;13,49;;2,73;;3,05;;;;;;;;;;;;;;;;;;;;;;;;;;;;;;;;;;;;;;;;;;;;;;;;;;;;;;;;;;;;;;;;;;;;;;;;;;;;;;;;;;;;1 611;;1 611;;2 046;;0,0469;;27 096;;27 096;;87 161;;113 432;;201 517;;255 145;;450 263;;;20 422;;60 889;;91 411;;147 890;;206 366;;;;;;;;;;;;;;;;;;;;;;;;;;2,864066999;1,536461404;;;;;;;;
1961;;;;;;;;;;;;;;;;;;;;;;;;;;;;;;;;;;;;;;;;;;;;;;;;;;;;;;;;;;;;;;;;;;;;;;;;;;;;;;;;;;;;;;;;;;;;;;;;;;;;;;;;1 649;;1 649;;2 110;;0,0480;;26 660;;26 660;;;;;;;;;;;;;;;;;;;;;;;;;;;;;;;;;;;;;;;;;;;;;;;;;;;;;;;;
1962;;31,97;;20,59;;7,25;;4,60;;1,61;;;;11,38;;13,33;;2,66;;2,99;;;;;;;;;;;;;;;;;;;;;;;;;;;;;;;;;;;;;;;;;;;;;;;;;;;;;;;;;;;;;;;;;;;;;;;;;;;;;;;;;;;;1 690;;1 690;;2 225;;0,0488;;26 999;;26 999;;86 314;;111 154;;195 788;;248 137;;434 726;;;20 408;;61 475;;89 995;;143 438;;201 490;;;;;;;;;;;;;;;;;;;;;;;;;;2,88658538;1,530058173;;;;;;;;
1963;;31,98;;20,67;;7,29;;4,63;;;;;;11,31;;13,38;;2,66;;;;;;;;;;;;;;;;;;;;;;;;;;;;;;;;;;;;;;;;;;;;;;;;;;;;;;;;;;;;;;;;;;;;;;;;;;;;;;;;;;;;;;1 728;;1 728;;2 406;;0,0499;;27 894;;27 894;;89 208;;115 322;;203 284;;258 379;;;;;21 081;;63 094;;93 331;;148 189;;;;;;;;;;;;;;;;;;;;;;;;;;;;;;;;;;;;;
1964;;32,32;;20,85;;7,42;;4,82;;1,80;;;;11,47;;13,42;;2,61;;3,01;;;;;;;;;;;;;;;;;;;;;;;;;;;;;;;;;;;;;;;;;;;;;;;;;;;;;;;;;;;;;;;;;;;;;;;;;;;;;;;;;;;;1 765;;1 765;;2 599;;0,0522;;28 198;;28 198;;91 146;;117 578;;209 358;;271 633;;508 033;;;21 204;;64 714;;94 633;;147 083;;212 533;;;;;;;;;;;;;;;;;;;;;;;;;;2,597389288;1,626021476;;;;;;;;
1965;;31,06;;19,69;;6,72;;4,23;;1,43;;;;11,37;;12,97;;2,49;;2,80;;;;;;;;;;;;;;;;;;;;;;;;;;;;;;;;;;;;;;;;;;;;;;;;;;;;;;;;;;;;;;;;;;;;;;;;;;;;;;;;;;;;1 804;;1 804;;2 799;;0,0534;;29 071;;29 071;;90 279;;114 476;;195 449;;246 111;;415 315;;;22 270;;66 082;;94 233;;144 787;;203 810;;;;;;;;;;;;;;;;;;;;;;;;;;3,054889746;1,486644114;;;;;;;;
1966;;30,72;;19,30;;6,56;;4,12;;1,38;;;;11,42;;12,74;;2,44;;2,74;;;;;;;;;;;;;;;;;;;;;;;;;;;;;;;;;;;;;;;;;;;;;;;;;;;;;;;;;;;;;;;;;;;;;;;;;;;;;;;;;;;;1 827;;1 827;;2 926;;0,0549;;29 168;;29 168;;89 610;;112 582;;191 386;;240 341;;402 761;;;22 452;;66 639;;92 881;;142 432;;199 735;;;;;;;;;;;;;;;;;;;;;;;;;;3,094667344;1,477402774;;;;;;;;
1967;;30,91;;19,39;;6,59;;4,14;;1,41;;;;11,53;;12,80;;2,45;;2,74;;;;;;;;;;;;;;;;;;;;;;;;;;;;;;;;;;;;;;;;;;;;;;;;;;;;;;;;;;;;;;;;;;;;;;;;;;;;;;;;;;;;1 853;;1 853;;3 017;;0,0584;;27 897;;27 897;;86 237;;108 159;;183 816;;231 074;;392 177;;;21 415;;64 315;;89 244;;136 558;;190 798;;;;;;;;;;;;;;;;;;;;;;;;;;3,038602942;1,490532011;;;;;;;;
1968;;31,15;;19,59;;6,72;;4,23;;1,44;;;;11,56;;12,87;;2,48;;2,79;;;;;;;;;;;;;;;;;;;;;;;;;;;;;;;;;;;;;;;;;;;;;;;;;;;;;;;;;;;;;;;;;;;;;;;;;;;;;;;;;;;;1 878;;1 878;;3 138;;0,0614;;27 198;;27 198;;84 724;;106 543;;182 646;;230 205;;391 437;;;20 806;;62 905;;87 517;;135 088;;189 897;;;;;;;;;;;;;;;;;;;;;;;;;;3,020686737;1,494881261;;;;;;;;
1969;;31,02;;19,47;;6,70;;4,23;;1,45;;;;11,55;;12,77;;2,47;;2,78;;;;;;;;;;;;;;;;;;;;;;;;;;;;;;;;;;;;;;;;;;;;;;;;;;;;;;;;;;;;;;;;;;;;;;;;;;;;;;;;;;;;1 908;;1 908;;3 445;;0,0640;;28 216;;28 216;;87 522;;109 874;;188 986;;238 609;;408 585;;;21 626;;65 170;;90 096;;139 363;;196 114;;;;;;;;;;;;;;;;;;;;;;;;;;2,986376419;1,503429255;;;;;;;;
1970;;30,76;;19,11;;6,64;;4,21;;1,48;;;;11,65;;12,47;;2,42;;2,73;;;;;;;;;;;;;;;;;;;;;;;;;;;;;;;;;;;;;;;;;;;;;;;;;;;;;;;;;;;;;;;;;;;;;;;;;;;;;;;;;;;;1 947;;1 947;;4 011;;0,0697;;29 560;;29 560;;90 926;;112 980;;196 252;;249 156;;437 728;;;22 741;;68 873;;92 162;;143 348;;202 013;;;;;;;;;;;;;;;;;;;;;;;;;;2,870340837;1,534661908;;;;;;;;
1971;;30,66;;19,01;;6,43;;4,00;;1,31;;;;11,65;;12,58;;2,43;;2,69;;;;;;;;;;;;;;;;;;;;;;;;;;;;;;;;;;;;;;;;;;;;;;;;;;;;;;;;;;;;;;;;;;;;;;;;;;;;;;;;;;;;1 984;;1 984;;4 696;;0,0767;;30 875;;30 875;;94 676;;117 393;;198 605;;247 007;;403 783;;;23 786;;71 959;;97 090;;150 203;;207 813;;;;;;;;;;;;;;;;;;;;;;;;;;3,245092903;1,445415866;;;;;;;;
1972;;31,29;;19,90;;7,08;;4,47;;1,52;;;;11,39;;12,83;;2,61;;2,95;;;;;;;;;;;;;;;;;;;;;;;;;;;;;;;;;;;;;;;;;;;;;;;;;;;;;;;;;;;;;;;;;;;;;;;;;;;;;;;;;;;;2 036;;2 036;;5 482;;0,0805;;33 463;;33 463;;104 706;;133 209;;236 849;;298 873;;507 902;;;25 547;;76 204;;107 298;;174 825;;246 616;;;;;;;;;;;;;;;;;;;;;;;;;;3,01833476;1,495457949;;;;;;;;
1973;;31,84;;20,35;;7,47;;4,79;;1,69;;;;11,49;;12,89;;2,68;;3,10;;;;;;;;;;;;;;;;;;;;;;;;;;;;;;;;;;;;;;;;;;;;;;;;;;;;;;;;;;;;;;;;;;;;;;;;;;;;;;;;;;;;2 094;;2 094;;6 391;;0,0887;;34 409;;34 409;;109 574;;140 072;;256 928;;329 497;;580 859;;;26 057;;79 077;;110 858;;184 360;;266 656;;;;;;;;;;;;;;;;;;;;;;;;;;2,822796164;1,548607694;;;;;;;;
1974;;32,02;;20,38;;7,55;;4,95;;1,68;;;;11,64;;12,84;;2,60;;3,27;;;;;;;;;;;;;;;;;;;;;;;;;;;;;;;;;;;;;;;;;;;;;;;;;;;;;;;;;;;;;;;;;;;;;;;;;;;;;;;;;;;;2 157;;2 157;;7 211;;0,1001;;33 396;;33 396;;106 950;;136 152;;252 027;;330 458;;561 149;;;25 223;;77 748;;107 184;;173 596;;272 785;;;;;;;;;;;;;;;;;;;;;;;;;;2,876611456;1,532875357;;;;;;;;
1975;;29,98;;18,70;;6,56;;4,20;;1,45;;;;11,28;;12,14;;2,35;;2,75;;;;;;;;;;;;;;;;;;;;;;;;;;;;;;;;;;;;;;;;;;;;;;;;;;;;;;;;;;;;;;;;;;;;;;;;;;;;;;;;;;;;2 196;;2 196;;8 593;;0,1153;;33 935;;33 935;;101 746;;126 921;;222 518;;285 372;;492 489;;;26 400;;76 570;;103 022;;159 663;;233 593;;;;;;;;;;;;;;;;;;;;;;;;;;2,898280458;1,526792548;;;;;;;;
1976;;31,10;;20,36;;7,48;;4,74;;1,55;;;;10,74;;12,88;;2,74;;3,20;;;;;;;;;;;;;;;;;;;;;;;;;;;;;;;;;;;;;;;;;;;;;;;;;;;;;;;;;;;;;;;;;;;;;;;;;;;;;;;;;;;;2 231;;2 231;;9 978;;0,1337;;33 455;;33 455;;104 058;;136 255;;250 281;;317 162;;516 899;;;25 611;;71 862;;107 748;;183 400;;267 227;;;;;;;;;;;;;;;;;;;;;;;;;;3,174823132;1,459807506;;;;;;;;
1977;;28,86;;17,89;;6,13;;3,86;;1,31;;;;10,97;;11,76;;2,27;;2,55;;;;;;;;;;;;;;;;;;;;;;;;;;;;;;;;;;;;;;;;;;;;;;;;;;;;;;;;;;;;;;;;;;;;;;;;;;;;;;;;;;;;2 253;;2 253;;11 393;;0,1546;;32 711;;32 711;;94 403;;117 042;;200 549;;252 509;;428 569;;;25 856;;71 763;;96 165;;148 589;;208 494;;;;;;;;;;;;;;;;;;;;;;;;;;3,032133213;1,492093724;;;;;;;;
1978;;29,10;;17,99;;6,12;;3,85;;1,29;;;;11,11;;11,88;;2,27;;2,55;;;;;;;;;;;;;;;;;;;;;;;;;;;;;;;;;;;;;;;;;;;;;;;;;;;;;;;;;;;;;;;;;;;;;;;;;;;;;;;;;;;;2 273;;2 273;;13 198;;0,1698;;34 196;;34 196;;99 517;;123 058;;209 169;;263 102;;442 291;;;26 938;;75 977;;101 530;;155 237;;218 305;;;;;;;;;;;;;;;;;;;;;;;;;;3,074935357;1,481942725;;;;;;;;
1979;;28,22;;17,29;;5,77;;3,62;;1,21;;;;10,93;;11,52;;2,15;;2,41;;;;;;;;;;;;;;;;;;;;;;;;;;;;;;;;;;;;;;;;;;;;;;;;;;;;;;;;;;;;;;;;;;;;;;;;;;;;;;;;;;;;2 291;;2 291;;15 693;;0,1977;;34 652;;34 652;;97 782;;119 821;;200 073;;251 062;;420 790;;;27 638;;75 743;;99 758;;149 083;;208 630;;;;;;;;;;;;;;;;;;;;;;;;;;3,097147814;1,47683811;;;;;;;;
1980;;28,83;;17,51;;5,65;;3,52;;1,18;;;;11,32;;11,85;;2,14;;2,34;;;;;;;;;;;;;;;;;;;;;;;;;;;;;;;;;;;;;;;;;;;;;;;;;;;;;;;;;;;;;;;;;;;;;;;;;;;;;;;;;;;;2 327;;2 327;;18 332;;0,2300;;34 254;;34 254;;98 758;;119 936;;193 624;;240 980;;403 069;;;27 087;;77 580;;101 514;;146 268;;200 458;;;;;;;;;;;;;;;;;;;;;;;;;;3,140501498;1,467180238;;;;;;;;
1981;;28,48;;17,15;;5,50;;3,44;;1,14;;;;11,33;;11,64;;2,06;;2,30;;;;;;;;;;;;;;;;;;;;;;;;;;;;;;;;;;;;;;;;;;;;;;;;;;;;;;;;;;;;;;;;;;;;;;;;;;;;;;;;;;;;2 356;;2 356;;21 988;;0,2655;;35 156;;35 156;;100 127;;120 557;;193 445;;242 055;;401 426;;;27 937;;79 697;;102 335;;144 835;;202 213;;;;;;;;;;;;;;;;;;;;;;;;;;3,154100293;1,464230938;;;;;;;;
1982;;28,70;;17,24;;5,49;;3,41;;1,14;;;;11,46;;11,75;;2,07;;2,28;;;;;;;;;;;;;;;;;;;;;;;;;;;;;;;;;;;;;;;;;;;;;;;;;;;;;;;;;;;;;;;;;;;;;;;;;;;;;;;;;;;;2 401;;2 401;;24 521;;0,3066;;33 305;;33 305;;95 590;;114 833;;182 724;;227 414;;378 590;;;26 384;;76 346;;97 861;;138 035;;189 620;;;;;;;;;;;;;;;;;;;;;;;;;;3,160825555;1,462786085;;;;;;;;
1983;;28,92;;17,52;;5,68;;3,56;;1,22;;;;11,41;;11,84;;2,12;;2,34;;;;;;;;;;;;;;;;;;;;;;;;;;;;;;;;;;;;;;;;;;;;;;;;;;;;;;;;;;;;;;;;;;;;;;;;;;;;;;;;;;;;2 445;;2 445;;25 773;;0,3174;;33 209;;33 209;;96 054;;116 353;;188 643;;236 432;;404 427;;;26 226;;75 754;;98 281;;140 853;;194 434;;;;;;;;;;;;;;;;;;;;;;;;;;3,019329241;1,495213945;;;;;;;;
1984;;28,19;;17,09;;5,60;;3,53;;1,22;;;;11,10;;11,49;;2,07;;2,31;;;;;;;;;;;;;;;;;;;;;;;;;;;;;;;;;;;;;;;;;;;;;;;;;;;;;;;;;;;;;;;;;;;;;;;;;;;;;;;;;;;;2 484;;2 484;;28 612;;0,3472;;33 176;;33 176;;93 528;;113 418;;185 774;;234 028;;404 545;;;26 470;;73 637;;95 330;;137 520;;191 399;;;;;;;;;;;;;;;;;;;;;;;;;;2,95873364;1,510533939;;;;;;;;
1985;;27,57;;16,74;;5,51;;3,48;;1,19;;;;10,83;;11,23;;2,03;;2,29;;;;;;;;;;;;;;;;;;;;;;;;;;;;;;;;;;;;;;;;;;;;;;;;;;;;;;;;;;;;;;;;;;;;;;;;;;;;;;;;;;;;2 507;;2 507;;33 697;;0,4004;;33 568;;33 568;;92 541;;112 407;;184 948;;233 417;;399 164;;;27 015;;72 675;;94 271;;136 478;;191 981;;;;;;;;;;;;;;;;;;;;;;;;;;2,993097433;1,501731618;;;;;;;;
1986;;26,51;;15,85;;4,88;;3,01;;1,00;;;;10,66;;10,96;;1,87;;2,01;;;;;;;;;;;;;;;;;;;;;;;;;;;;;;;;;;;;;;;;;;;;;;;;;;;;;;;;;;;;;;;;;;;;;;;;;;;;;;;;;;;;2 537;;2 537;;40 303;;0,4733;;33 566;;33 566;;88 973;;106 375;;163 835;;201 922;;336 476;;;27 410;;71 570;;92 010;;125 748;;168 283;;;;;;;;;;;;;;;;;;;;;;;;;;3,199496813;1,454649443;;;;;;;;
1987;;26,61;;16,29;;5,48;;3,52;;1,27;;;;10,33;;10,81;;1,96;;2,25;;;;;;;;;;;;;;;;;;;;;;;;;;;;;;;;;;;;;;;;;;;;;;;;;;;;;;;;;;;;;;;;;;;;;;;;;;;;;;;;;;;;2 567;;2 567;;46 980;;0,5189;;35 270;;35 270;;93 864;;114 876;;193 210;;248 352;;449 099;;;28 760;;72 851;;95 293;;138 068;;198 165;;;;;;;;;;;;;;;;;;;;;;;;;;2,729906253;1,578066007;;;;;;;;
1988;;26,26;;16,08;;5,35;;3,38;;1,16;;;;10,19;;10,73;;1,97;;2,22;;;;;;;;;;;;;;;;;;;;;;;;;;;;;;;;;;;;;;;;;;;;;;;;;;;;;;;;;;;;;;;;;;;;;;;;;;;;;;;;;;;;2 597;;2 597;;50 108;;0,5436;;35 494;;35 494;;93 212;;114 121;;189 756;;239 890;;413 004;;;29 081;;72 303;;95 213;;139 622;;196 612;;;;;;;;;;;;;;;;;;;;;;;;;;2,960690811;1,510024321;;;;;;;;
1989;;28,34;;17,97;;6,59;;4,33;;1,62;;;;10,37;;11,38;;2,25;;2,71;;;;;;;;;;;;;;;;;;;;;;;;;;;;;;;;;;;;;;;;;;;;;;;;;;;;;;;;;;;;;;;;;;;;;;;;;;;;;;;;;;;;2 628;;2 628;;53 114;;0,5829;;34 674;;34 674;;98 250;;124 591;;228 401;;300 428;;561 715;;;27 610;;71 909;;98 639;;156 375;;235 107;;;;;;;;;;;;;;;;;;;;;;;;;;2,558741596;1,641543154;;;;;;;;
1990;;31,12;;20,41;;8,21;;5,66;;;;;;10,71;;12,20;;2,55;;;;;;;;;;;;;;;;;;;;;;;;;;;;;;;;;;;;;;;;;;;;;;;;;;;;;;;;;;;;;;;;;;;;;;;;;;;;;;;;;;;;;;2 658;;2 658;;54 657;;0,6108;;33 668;;33 668;;104 768;;137 435;;276 418;;380 958;;;;;25 768;;72 101;;102 690;;171 877;;;;;;;;;;;;;;;;;;;;;;;;;;;;2,160837968;1,861446668;;;;;;;;
1991;;31,48;;20,53;;7,96;;5,37;;;;;;10,95;;12,57;;2,59;;;;;;;;;;;;;;;;;;;;;;;;;;;;;;;;;;;;;;;;;;;;;;;;;;;;;;;;;;;;;;;;;;;;;;;;;;;;;;;;;;;;;;2 688;;2 688;;54 179;;0,6165;;32 696;;32 696;;102 919;;134 238;;260 287;;351 041;;;;;24 893;;71 599;;102 726;;169 532;;;;;;;;;;;;;;;;;;;;;;;;;;;;2,317288969;1,759134878;;;;;;;;
1992;;32,49;;21,32;;8,40;;5,71;;;;;;11,17;;12,91;;2,70;;;;;;;;;;;;;;;;;;;;;;;;;;;;;;;;;;;;;;;;;;;;;;;;;;;;;;;;;;;;;;;;;;;;;;;;;;;;;;;;;;;;;;2 717;;2 717;;54 554;;0,6247;;32 141;;32 141;;104 425;;137 022;;270 136;;367 010;;;;;24 110;;71 828;;103 744;;173 262;;;;;;;;;;;;;;;;;;;;;;;;;;;;2,261753999;1,792547518;;;;;;;;
1993;;32,99;;21,86;;8,76;;5,94;;;;;;11,13;;13,10;;2,82;;;;;;;;;;;;;;;;;;;;;;;;;;;;;;;;;;;;;;;;;;;;;;;;;;;;;;;;;;;;;;;;;;;;;;;;;;;;;;;;;;;;;;2 748;;2 748;;57 023;;0,6336;;32 752;;32 752;;108 048;;143 184;;286 861;;389 063;;;;;24 386;;72 912;;107 265;;184 660;;;;;;;;;;;;;;;;;;;;;;;;;;;;2,274532073;1,784601676;;;;;;;;
1994;;32,86;;22,06;;9,00;;6,12;;;;;;10,80;;13,06;;2,88;;;;;;;;;;;;;;;;;;;;;;;;;;;;;;;;;;;;;;;;;;;;;;;;;;;;;;;;;;;;;;;;;;;;;;;;;;;;;;;;;;;;;;2 785;;2 785;;61 084;;0,6513;;33 676;;33 676;;110 660;;148 585;;303 100;;412 420;;;;;25 122;;72 735;;109 956;;193 780;;;;;;;;;;;;;;;;;;;;;;;;;;;;2,25062923;1,799597495;;;;;;;;
1995;;32,62;;21,97;;8,98;;6,11;;;;;;10,65;;12,99;;2,87;;;;;;;;;;;;;;;;;;;;;;;;;;;;;;;;;;;;;;;;;;;;;;;;;;;;;;;;;;;;;;;;;;;;;;;;;;;;;;;;;;;;;;2 826;;2 826;;65 632;;0,6703;;34 647;;34 647;;113 026;;152 242;;311 076;;423 233;;;;;25 938;;73 811;;112 533;;198 920;;;;;;;;;;;;;;;;;;;;;;;;;;;;2,251326938;1,79915166;;;;;;;;
1996;;32,18;;21,69;;8,92;;6,12;;;;;;10,50;;12,76;;2,81;;;;;;;;;;;;;;;;;;;;;;;;;;;;;;;;;;;;;;;;;;;;;;;;;;;;;;;;;;;;;;;;;;;;;;;;;;;;;;;;;;;;;;2 873;;2 873;;69 888;;0,6874;;35 387;;35 387;;113 882;;153 475;;315 822;;432 863;;;;;26 665;;74 288;;112 889;;198 781;;;;;;;;;;;;;;;;;;;;;;;;;;;;2,198781221;1,834180568;;;;;;;;
1997;;32,57;;22,03;;9,16;;6,32;;;;;;10,54;;12,87;;2,84;;;;;;;;;;;;;;;;;;;;;;;;;;;;;;;;;;;;;;;;;;;;;;;;;;;;;;;;;;;;;;;;;;;;;;;;;;;;;;;;;;;;;;2 913;;2 913;;72 279;;0,6931;;35 798;;35 798;;116 612;;157 731;;327 992;;452 564;;;;;26 819;;75 493;;115 166;;203 420;;;;;;;;;;;;;;;;;;;;;;;;;;;;2,153026172;1,867283002;;;;;;;;
1998;;34,39;;23,58;;10,21;;7,23;;;;;;10,80;;13,37;;2,98;;;;;;;;;;;;;;;;;;;;;;;;;;;;;;;;;;;;;;;;;;;;;;;;;;;;;;;;;;;;;;;;;;;;;;;;;;;;;;;;;;;;;;2 939;;2 939;;73 677;;0,6957;;36 036;;36 036;;123 920;;169 975;;368 080;;521 031;;;;;26 271;;77 864;;120 449;;215 129;;;;;;;;;;;;;;;;;;;;;;;;;;;;1,994618439;2,005410679;;;;;;;;
1999;;37,77;;27,09;;13,44;;;;;;;;10,68;;13,64;;;;;;;;;;;;;;;;;;;;;;;;;;;;;;;;;;;;;;;;;;;;;;;;;;;;;;;;;;;;;;;;;;;;;;;;;;;;;;;;;;;;;;;;2 958;;2 958;;79 392;;0,6992;;38 387;;38 387;;144 974;;207 963;;516 038;;;;;;;26 544;;81 985;;130 944;;;;;;;;;;;;;;;;;;;;;;;;;;;;;;;;;;;;;;;
2000;;31,19;;20,43;;7,92;;5,27;;;;;;10,76;;12,51;;2,65;;;;;;;;;;;;;;;;;;;;;;;;;;;;;;;;;;;;;;;;;;;;;;;;;;;;;;;;;;;;;;;;;;;;;;;;;;;;;;;;;;;;;;3 012;;3 012;;80 621;;0,7270;;36 817;;36 817;;114 815;;150 408;;291 528;;387 930;;;;;28 150;;79 222;;115 128;;195 126;;;; 70 914 ; 89 764 ; 171 206 ; 227 258 ;;;;;;;;;;;;;;;;;;;;;2,426228542;1,7011499;;;37809,37884;51554,31298;65258,22694;124466,1156;165216,0136;
2001;;31,81;;20,99;;8,32;;5,63;;;;;;10,82;;12,67;;2,69;;;;;;;;;;;;;;;;;;;;;;;;;;;;;;;;;;;;;;;;;;;;;;;;;;;;;;;;;;;;;;;;;;;;;;;;;;;;;;;;;;;;;;3 076;;3 076;;84 961;;0,7402;;37 314;;37 314;;118 701;;156 646;;310 586;;420 239;;;;;28 271;;80 756;;118 161;;200 933;;;; 72 553 ; 91 794 ; 176 348 ; 236 679 ;;;;;;;;;;;;;;;;;;;;;2,292432944;1,773734533;;;39192,8512;53703,84139;67946,06799;130533,0654;175190,4894;
2002;;31,72;;20,89;;8,34;;5,67;;;;;;10,83;;12,55;;2,67;;;;;;;;;;;;;;;;;;;;;;;;;;;;;;;;;;;;;;;;;;;;;;;;;;;;;;;;;;;;;;;;;;;;;;;;;;;;;;;;;;;;;;3 131;;3 131;;87 945;;0,7604;;36 945;;36 945;;117 175;;154 360;;308 167;;418 875;;;;;28 031;;79 989;;115 908;;197 459;;;; 72 294 ; 90 549 ; 171 636 ; 234 159 ;;;;;;;;;;;;;;;;;;;;;2,258319111;1,794710969;;;40353,88394;54969,45981;68849,96463;130504,6854;178044,7174;
2003;;31,93;;21,26;;8,81;;6,15;;;;;;10,67;;12,44;;2,66;;;;;;;;;;;;;;;;;;;;;;;;;;;;;;;;;;;;;;;;;;;;;;;;;;;;;;;;;;;;;;;;;;;;;;;;;;;;;;;;;;;;;;3 192;;3 192;;94 774;;0,7722;;38 457;;38 457;;122 783;;163 497;;338 980;;473 058;;;;;29 088;;82 069;;119 627;;204 902;;;; 74 863 ; 93 442 ; 178 155 ; 241 706 ;;;;;;;;;;;;;;;;;;;;;2,079791704;1,92610454;;;42292,82283;57807,62708;72153,34324;137566,5735;186639,545;
2004;;32,47;;21,84;;9,41;;6,76;;;;;;10,63;;12,43;;2,65;;;;;;;;;;;;;;;;;;;;;;;;;;;;;;;;;;;;;;;;;;;;;;;;;;;;;;;;;;;;;;;;;;;;;;;;;;;;;;;;;;;;;;3 266;;3 266;;100 943;;0,7930;;38 970;;38 970;;126 520;;170 192;;366 554;;526 936;;;;;29 243;;82 848;;121 101;;206 172;;;; 75 294 ; 94 951 ; 179 308 ; 241 764 ;;;;;;;;;;;;;;;;;;;;;1,909848437;2,099084154;;;44033,56852;59710,31798;75298,15029;142195,4556;191725,0341;
2005;;31,66;;21,09;;8,66;;5,98;;;;;;10,56;;12,43;;2,68;;;;;;;;;;;;;;;;;;;;;;;;;;;;;;;;;;;;;;;;;;;;;;;;;;;;;;;;;;;;;;;;;;;;;;;;;;;;;;;;;;;;;;3 367;;3 336;;107 935;;0,8180;;39 549;;39 191;;125 193;;166 825;;342 518;;473 114;;;;;30 033;;83 560;;122 902;;211 922;;;; 74 458 ; 96 234 ; 183 264 ; 247 923 ;;;;;;;;;;;;;;;;;;;;;2,145883101;1,872689369;;;45807,59163;60909,67896;78723,58636;149918,7798;202812,1974;
2006;;30,32;;20,14;;8,14;;5,55;;;;;;10,18;;12,00;;2,59;;;;;;;;;;;;;;;;;;;;;;;;;;;;;;;;;;;;;;;;;;;;;;;;;;;;;;;;;;;;;;;;;;;;;;;;;;;;;;;;;;;;;;3 367;;3 367;;118 267;;0,8396;;41 840;;41 840;;126 872;;168 552;;340 564;;464 572;;;;;32 392;;85 192;;125 549;;216 557;;;; 75 936 ; 98 153 ; 187 122 ; 256 240 ;;;;;;;;;;;;;;;;;;;;;2,232270677;1,811510019;;;47956,35377;63755,90822;82409,00213;157107,1169;215138,4798;
2007;;29,37;;19,52;;7,83;;5,33;;;;;;9,86;;11,69;;2,50;;;;;;;;;;;;;;;;;;;;;;;;;;;;;;;;;;;;;;;;;;;;;;;;;;;;;;;;;;;;;;;;;;;;;;;;;;;;;;;;;;;;;;3 425;;3 425;;129 818;;0,8663;;43 749;;43 749;;128 508;;170 768;;342 342;;466 005;;;;;34 331;;86 248;;127 875;;218 679;;;; 76 801 ; 99 865 ; 190 216 ; 258 805 ;;;;;;;;;;;;;;;;;;;;;2,247656942;1,801502373;;;50195,69941;66534,84061;86515,98615;164790,214;224211,4061;
2008;;30,02;;19,98;;8,11;;5,63;;;;;;10,04;;11,87;;2,48;;;;;;;;;;;;;;;;;;;;;;;;;;;;;;;;;;;;;;;;;;;;;;;;;;;;;;;;;;;;;;;;;;;;;;;;;;;;;;;;;;;;;;3 445;;3 445;;133 295;;0,8956;;43 205;;43 205;;129 688;;172 624;;350 238;;486 088;;;;;33 595;;86 753;;128 220;;214 387;;;; 77 526 ; 100 112 ; 188 019 ; 251 011 ;;;;;;;;;;;;;;;;;;;;;2,114683987;1,897115247;;;51881,76248;69430,17491;89657,40748;168384,7642;224798,7476;
2009;;29,72;;19,67;;7,84;;5,37;;;;;;10,05;;11,84;;2,46;;;;;;;;;;;;;;;;;;;;;;;;;;;;;;;;;;;;;;;;;;;;;;;;;;;;;;;;;;;;;;;;;;;;;;;;;;;;;;;;;;;;;;3 443;;3 443;;134 630;;0,9131;;42 819;;42 819;;127 269;;168 478;;335 575;;460 192;;;;;33 435;;86 061;;126 703;;210 958;;;; 76 885 ; 98 889 ; 185 383 ; 249 747 ;;;;;;;;;;;;;;;;;;;;;2,194905442;1,836886305;;;52141,9114;70204,55173;90296,85847;169276,2756;228048,3423;
2010;;29,19;;19,15;;7,40;;5,01;;;;;;10,04;;11,75;;2,39;;;;;;;;;;;;;;;;;;;;;;;;;;;;;;;;;;;;;;;;;;;;;;;;;;;;;;;;;;;;;;;;;;;;;;;;;;;;;;;;;;;;;;3 450;;3 450;;138 712;;0,9499;;42 331;;42 331;;123 554;;162 109;;313 331;;423 983;;;;;33 306;;85 000;;124 304;;202 679;;;; 75 727 ; 97 563 ; 179 229 ; 238 261 ;;;;;;;;;;;;;;;;;;;;;2,291898868;1,774054398;;;53845,98707;71930,94327;92672,71954;170244,9414;226318,0932;
2011;;30,94;;20,58;;8,16;;5,53;;;;;;10,36;;12,42;;2,63;;;;;;;;;;;;;;;;;;;;;;;;;;;;;;;;;;;;;;;;;;;;;;;;;;;;;;;;;;;;;;;;;;;;;;;;;;;;;;;;;;;;;;3 473;;3 473;;143 864;;0,9674;;42 819;;42 819;;132 483;;176 244;;349 405;;473 581;;;;;32 857;;88 722;;132 954;;225 229;;;; 78 675 ; 102 917 ; 197 382 ; 263 547 ;;;;;;;;;;;;;;;;;;;;;2,279408383;1,781611261;;;56876,21497;76111,80757;99564,20639;190951,216;254960,565;
2012;;32,1;;21,6;;8,9;;6,2;;;;;;10,42;;12,69;;2,71;;;;;;;;;;;;;;;;;;;;;;;;;;;;;;;;;;;;;;;;;;;;;;;;;;;;;;;;;;;;;;;;;;;;;;;;;;;;;;;;;;;;;;3 491;;3 491;;149 733;;0,9766;;43 916;;43 916;;140 751;;189 981;;392 610;;547 194;;;;;33 157;;91 521;;139 324;;238 025;;;; 80 818 ; 106 769 ; 208 638 ; 282 678 ;;;;;;;;;;;;;;;;;;;;;2,087868655;1,919228618;;;59102,23957;78927,38204;104271,4612;203757,4596;276065,4057;
2013;;30,8;;20,4;;7,8;;5,2;;;;;;10,42;;12,59;;2,63;;;;;;;;;;;;;;;;;;;;;;;;;;;;;;;;;;;;;;;;;;;;;;;;;;;;;;;;;;;;;;;;;;;;;;;;;;;;;;;;;;;;;;3 538;;3 538;;155 740;;0,9925;;44 353;;44 353;;136 564;;180 696;;345 070;;456 841;;;;;34 108;;92 433;;139 603;;233 299;;;; 81 392 ; 107 913 ; 204 171 ; 271 478 ;;;;;;;;;;;;;;;;;;;;;2,470341835;1,680113955;;;61012,04378;80779,65696;107101,2443;202635,9561;269437,1834;
2014;;31,5;;20,9;;8,1;;5,4;;;;;;10,63;;12,82;;2,69;;;;;;;;;;;;;;;;;;;;;;;;;;;;;;;;;;;;;;;;;;;;;;;;;;;;;;;;;;;;;;;;;;;;;;;;;;;;;;;;;;;;;;3 614;;3 614;;160 103;;1,0000;;44 297;;44 297;;139 713;;185 250;;358 364;;478 409;;;;;33 695;;94 176;;141 972;;238 318;;;; 83 135 ; 109 788 ; 208 016 ; 278 581 ;;;;;;;;;;;;;;;;;;;;;2,399118825;1,714735576;;;62693,17124;83134,96284;109787,9588;208015,7785;278581,4142;
